#include "gfx/legato/generated/le_gen_assets.h"

/*********************************
 * Legato Font Asset
 * Name:         NotoSans_Regular
 * Height:       25
 * Baseline:     18
 * Style:        Antialias
 * Glyph Count:  95
 * Range Count:  1
 * Glyph Ranges: 0x20-0x7E
 *********************************/
/*********************************
 * font glyph kerning table description
 *
 * unsigned int - number of glyphs
 * for each glyph:
 *     unsigned short - codepoint         * the glyph's codepoint
 *     short          - width             * the glyph's width in pixels
 *     short          - height            * the glyph's height in pixels
 *     short          - advance           * the glyph's advance value in pixels
 *     short          - bearingX          * the glyph's bearing value in pixels on the X axis
 *     short          - bearingY          * the glyph's bearing value in pixels on the Y axis
 *     unsigned short - flags             * status flags for this glyph
 *     unsigned short - data row width    * the size of a row of glyph data in bytes
 *     unsigned int   - data table offset * the offset into the corresponding font data table
 ********************************/
const uint8_t NotoSans_Regular_data[1904] =
{
    0x5F,0x00,0x00,0x00,0x20,0x00,0x00,0x00,0x00,0x00,0x06,0x00,0x00,0x00,0x00,0x00,
    0x00,0x00,0x00,0x00,0x00,0x00,0x00,0x00,0x21,0x00,0x04,0x00,0x11,0x00,0x06,0x00,
    0x01,0x00,0x11,0x00,0x00,0x00,0x04,0x00,0x00,0x00,0x00,0x00,0x22,0x00,0x08,0x00,
    0x06,0x00,0x0A,0x00,0x01,0x00,0x11,0x00,0x00,0x00,0x08,0x00,0x44,0x00,0x00,0x00,
    0x23,0x00,0x0F,0x00,0x11,0x00,0x10,0x00,0x00,0x00,0x11,0x00,0x00,0x00,0x0F,0x00,
    0x74,0x00,0x00,0x00,0x24,0x00,0x0C,0x00,0x14,0x00,0x0E,0x00,0x01,0x00,0x12,0x00,
    0x00,0x00,0x0C,0x00,0x74,0x01,0x00,0x00,0x25,0x00,0x12,0x00,0x11,0x00,0x14,0x00,
    0x01,0x00,0x11,0x00,0x00,0x00,0x12,0x00,0x64,0x02,0x00,0x00,0x26,0x00,0x11,0x00,
    0x11,0x00,0x12,0x00,0x01,0x00,0x11,0x00,0x00,0x00,0x11,0x00,0x98,0x03,0x00,0x00,
    0x27,0x00,0x03,0x00,0x06,0x00,0x05,0x00,0x01,0x00,0x11,0x00,0x00,0x00,0x03,0x00,
    0xBC,0x04,0x00,0x00,0x28,0x00,0x07,0x00,0x15,0x00,0x07,0x00,0x00,0x00,0x11,0x00,
    0x00,0x00,0x07,0x00,0xD0,0x04,0x00,0x00,0x29,0x00,0x07,0x00,0x15,0x00,0x07,0x00,
    0x00,0x00,0x11,0x00,0x00,0x00,0x07,0x00,0x64,0x05,0x00,0x00,0x2A,0x00,0x0D,0x00,
    0x0B,0x00,0x0D,0x00,0x00,0x00,0x12,0x00,0x00,0x00,0x0D,0x00,0xF8,0x05,0x00,0x00,
    0x2B,0x00,0x0C,0x00,0x0C,0x00,0x0E,0x00,0x01,0x00,0x0F,0x00,0x00,0x00,0x0C,0x00,
    0x88,0x06,0x00,0x00,0x2C,0x00,0x05,0x00,0x06,0x00,0x06,0x00,0x00,0x00,0x03,0x00,
    0x00,0x00,0x05,0x00,0x18,0x07,0x00,0x00,0x2D,0x00,0x07,0x00,0x02,0x00,0x08,0x00,
    0x00,0x00,0x07,0x00,0x00,0x00,0x07,0x00,0x38,0x07,0x00,0x00,0x2E,0x00,0x04,0x00,
    0x03,0x00,0x06,0x00,0x01,0x00,0x03,0x00,0x00,0x00,0x04,0x00,0x48,0x07,0x00,0x00,
    0x2F,0x00,0x09,0x00,0x11,0x00,0x09,0x00,0x00,0x00,0x11,0x00,0x00,0x00,0x09,0x00,
    0x54,0x07,0x00,0x00,0x30,0x00,0x0C,0x00,0x11,0x00,0x0E,0x00,0x01,0x00,0x11,0x00,
    0x00,0x00,0x0C,0x00,0xF0,0x07,0x00,0x00,0x31,0x00,0x07,0x00,0x11,0x00,0x0E,0x00,
    0x02,0x00,0x11,0x00,0x00,0x00,0x07,0x00,0xBC,0x08,0x00,0x00,0x32,0x00,0x0C,0x00,
    0x11,0x00,0x0E,0x00,0x01,0x00,0x11,0x00,0x00,0x00,0x0C,0x00,0x34,0x09,0x00,0x00,
    0x33,0x00,0x0C,0x00,0x11,0x00,0x0E,0x00,0x01,0x00,0x11,0x00,0x00,0x00,0x0C,0x00,
    0x00,0x0A,0x00,0x00,0x34,0x00,0x0E,0x00,0x11,0x00,0x0E,0x00,0x00,0x00,0x11,0x00,
    0x00,0x00,0x0E,0x00,0xCC,0x0A,0x00,0x00,0x35,0x00,0x0C,0x00,0x11,0x00,0x0E,0x00,
    0x01,0x00,0x11,0x00,0x00,0x00,0x0C,0x00,0xBC,0x0B,0x00,0x00,0x36,0x00,0x0C,0x00,
    0x11,0x00,0x0E,0x00,0x01,0x00,0x11,0x00,0x00,0x00,0x0C,0x00,0x88,0x0C,0x00,0x00,
    0x37,0x00,0x0C,0x00,0x11,0x00,0x0E,0x00,0x01,0x00,0x11,0x00,0x00,0x00,0x0C,0x00,
    0x54,0x0D,0x00,0x00,0x38,0x00,0x0C,0x00,0x11,0x00,0x0E,0x00,0x01,0x00,0x11,0x00,
    0x00,0x00,0x0C,0x00,0x20,0x0E,0x00,0x00,0x39,0x00,0x0C,0x00,0x11,0x00,0x0E,0x00,
    0x01,0x00,0x11,0x00,0x00,0x00,0x0C,0x00,0xEC,0x0E,0x00,0x00,0x3A,0x00,0x04,0x00,
    0x0D,0x00,0x06,0x00,0x01,0x00,0x0D,0x00,0x00,0x00,0x04,0x00,0xB8,0x0F,0x00,0x00,
    0x3B,0x00,0x05,0x00,0x10,0x00,0x06,0x00,0x00,0x00,0x0D,0x00,0x00,0x00,0x05,0x00,
    0xEC,0x0F,0x00,0x00,0x3C,0x00,0x0C,0x00,0x0D,0x00,0x0E,0x00,0x01,0x00,0x0F,0x00,
    0x00,0x00,0x0C,0x00,0x3C,0x10,0x00,0x00,0x3D,0x00,0x0C,0x00,0x07,0x00,0x0E,0x00,
    0x01,0x00,0x0C,0x00,0x00,0x00,0x0C,0x00,0xD8,0x10,0x00,0x00,0x3E,0x00,0x0C,0x00,
    0x0D,0x00,0x0E,0x00,0x01,0x00,0x0F,0x00,0x00,0x00,0x0C,0x00,0x2C,0x11,0x00,0x00,
    0x3F,0x00,0x0A,0x00,0x11,0x00,0x0A,0x00,0x00,0x00,0x11,0x00,0x00,0x00,0x0A,0x00,
    0xC8,0x11,0x00,0x00,0x40,0x00,0x14,0x00,0x13,0x00,0x16,0x00,0x01,0x00,0x11,0x00,
    0x00,0x00,0x14,0x00,0x74,0x12,0x00,0x00,0x41,0x00,0x10,0x00,0x11,0x00,0x0F,0x00,
    0x00,0x00,0x11,0x00,0x00,0x00,0x10,0x00,0xF0,0x13,0x00,0x00,0x42,0x00,0x0D,0x00,
    0x11,0x00,0x10,0x00,0x02,0x00,0x11,0x00,0x00,0x00,0x0D,0x00,0x00,0x15,0x00,0x00,
    0x43,0x00,0x0E,0x00,0x11,0x00,0x0F,0x00,0x01,0x00,0x11,0x00,0x00,0x00,0x0E,0x00,
    0xE0,0x15,0x00,0x00,0x44,0x00,0x0F,0x00,0x11,0x00,0x12,0x00,0x02,0x00,0x11,0x00,
    0x00,0x00,0x0F,0x00,0xD0,0x16,0x00,0x00,0x45,0x00,0x0A,0x00,0x11,0x00,0x0D,0x00,
    0x02,0x00,0x11,0x00,0x00,0x00,0x0A,0x00,0xD0,0x17,0x00,0x00,0x46,0x00,0x0A,0x00,
    0x11,0x00,0x0C,0x00,0x02,0x00,0x11,0x00,0x00,0x00,0x0A,0x00,0x7C,0x18,0x00,0x00,
    0x47,0x00,0x0F,0x00,0x11,0x00,0x11,0x00,0x01,0x00,0x11,0x00,0x00,0x00,0x0F,0x00,
    0x28,0x19,0x00,0x00,0x48,0x00,0x0E,0x00,0x11,0x00,0x12,0x00,0x02,0x00,0x11,0x00,
    0x00,0x00,0x0E,0x00,0x28,0x1A,0x00,0x00,0x49,0x00,0x08,0x00,0x11,0x00,0x08,0x00,
    0x00,0x00,0x11,0x00,0x00,0x00,0x08,0x00,0x18,0x1B,0x00,0x00,0x4A,0x00,0x07,0x00,
    0x16,0x00,0x07,0x00,0xFE,0xFF,0x11,0x00,0x00,0x00,0x07,0x00,0xA0,0x1B,0x00,0x00,
    0x4B,0x00,0x0D,0x00,0x11,0x00,0x0F,0x00,0x02,0x00,0x11,0x00,0x00,0x00,0x0D,0x00,
    0x3C,0x1C,0x00,0x00,0x4C,0x00,0x0A,0x00,0x11,0x00,0x0D,0x00,0x02,0x00,0x11,0x00,
    0x00,0x00,0x0A,0x00,0x1C,0x1D,0x00,0x00,0x4D,0x00,0x12,0x00,0x11,0x00,0x16,0x00,
    0x02,0x00,0x11,0x00,0x00,0x00,0x12,0x00,0xC8,0x1D,0x00,0x00,0x4E,0x00,0x0E,0x00,
    0x11,0x00,0x12,0x00,0x02,0x00,0x11,0x00,0x00,0x00,0x0E,0x00,0xFC,0x1E,0x00,0x00,
    0x4F,0x00,0x11,0x00,0x11,0x00,0x13,0x00,0x01,0x00,0x11,0x00,0x00,0x00,0x11,0x00,
    0xEC,0x1F,0x00,0x00,0x50,0x00,0x0C,0x00,0x11,0x00,0x0F,0x00,0x02,0x00,0x11,0x00,
    0x00,0x00,0x0C,0x00,0x10,0x21,0x00,0x00,0x51,0x00,0x11,0x00,0x15,0x00,0x13,0x00,
    0x01,0x00,0x11,0x00,0x00,0x00,0x11,0x00,0xDC,0x21,0x00,0x00,0x52,0x00,0x0D,0x00,
    0x11,0x00,0x0F,0x00,0x02,0x00,0x11,0x00,0x00,0x00,0x0D,0x00,0x44,0x23,0x00,0x00,
    0x53,0x00,0x0C,0x00,0x11,0x00,0x0D,0x00,0x01,0x00,0x11,0x00,0x00,0x00,0x0C,0x00,
    0x24,0x24,0x00,0x00,0x54,0x00,0x0E,0x00,0x11,0x00,0x0D,0x00,0x00,0x00,0x11,0x00,
    0x00,0x00,0x0E,0x00,0xF0,0x24,0x00,0x00,0x55,0x00,0x0E,0x00,0x11,0x00,0x12,0x00,
    0x02,0x00,0x11,0x00,0x00,0x00,0x0E,0x00,0xE0,0x25,0x00,0x00,0x56,0x00,0x0F,0x00,
    0x11,0x00,0x0E,0x00,0x00,0x00,0x11,0x00,0x00,0x00,0x0F,0x00,0xD0,0x26,0x00,0x00,
    0x57,0x00,0x17,0x00,0x11,0x00,0x16,0x00,0x00,0x00,0x11,0x00,0x00,0x00,0x17,0x00,
    0xD0,0x27,0x00,0x00,0x58,0x00,0x0E,0x00,0x11,0x00,0x0E,0x00,0x00,0x00,0x11,0x00,
    0x00,0x00,0x0E,0x00,0x58,0x29,0x00,0x00,0x59,0x00,0x0E,0x00,0x11,0x00,0x0E,0x00,
    0x00,0x00,0x11,0x00,0x00,0x00,0x0E,0x00,0x48,0x2A,0x00,0x00,0x5A,0x00,0x0D,0x00,
    0x11,0x00,0x0E,0x00,0x00,0x00,0x11,0x00,0x00,0x00,0x0D,0x00,0x38,0x2B,0x00,0x00,
    0x5B,0x00,0x07,0x00,0x15,0x00,0x08,0x00,0x01,0x00,0x11,0x00,0x00,0x00,0x07,0x00,
    0x18,0x2C,0x00,0x00,0x5C,0x00,0x09,0x00,0x11,0x00,0x09,0x00,0x00,0x00,0x11,0x00,
    0x00,0x00,0x09,0x00,0xAC,0x2C,0x00,0x00,0x5D,0x00,0x06,0x00,0x15,0x00,0x08,0x00,
    0x00,0x00,0x11,0x00,0x00,0x00,0x06,0x00,0x48,0x2D,0x00,0x00,0x5E,0x00,0x0D,0x00,
    0x0B,0x00,0x0E,0x00,0x00,0x00,0x11,0x00,0x00,0x00,0x0D,0x00,0xC8,0x2D,0x00,0x00,
    0x5F,0x00,0x0C,0x00,0x02,0x00,0x0B,0x00,0xFF,0xFF,0xFE,0xFF,0x00,0x00,0x0C,0x00,
    0x58,0x2E,0x00,0x00,0x60,0x00,0x06,0x00,0x04,0x00,0x07,0x00,0x00,0x00,0x12,0x00,
    0x00,0x00,0x06,0x00,0x70,0x2E,0x00,0x00,0x61,0x00,0x0B,0x00,0x0D,0x00,0x0D,0x00,
    0x01,0x00,0x0D,0x00,0x00,0x00,0x0B,0x00,0x88,0x2E,0x00,0x00,0x62,0x00,0x0C,0x00,
    0x12,0x00,0x0F,0x00,0x02,0x00,0x12,0x00,0x00,0x00,0x0C,0x00,0x18,0x2F,0x00,0x00,
    0x63,0x00,0x0A,0x00,0x0D,0x00,0x0C,0x00,0x01,0x00,0x0D,0x00,0x00,0x00,0x0A,0x00,
    0xF0,0x2F,0x00,0x00,0x64,0x00,0x0C,0x00,0x12,0x00,0x0F,0x00,0x01,0x00,0x12,0x00,
    0x00,0x00,0x0C,0x00,0x74,0x30,0x00,0x00,0x65,0x00,0x0C,0x00,0x0D,0x00,0x0E,0x00,
    0x01,0x00,0x0D,0x00,0x00,0x00,0x0C,0x00,0x4C,0x31,0x00,0x00,0x66,0x00,0x0A,0x00,
    0x12,0x00,0x08,0x00,0x00,0x00,0x12,0x00,0x00,0x00,0x0A,0x00,0xE8,0x31,0x00,0x00,
    0x67,0x00,0x0C,0x00,0x13,0x00,0x0F,0x00,0x01,0x00,0x0D,0x00,0x00,0x00,0x0C,0x00,
    0x9C,0x32,0x00,0x00,0x68,0x00,0x0B,0x00,0x12,0x00,0x0F,0x00,0x02,0x00,0x12,0x00,
    0x00,0x00,0x0B,0x00,0x80,0x33,0x00,0x00,0x69,0x00,0x04,0x00,0x12,0x00,0x06,0x00,
    0x01,0x00,0x12,0x00,0x00,0x00,0x04,0x00,0x48,0x34,0x00,0x00,0x6A,0x00,0x07,0x00,
    0x18,0x00,0x06,0x00,0xFE,0xFF,0x12,0x00,0x00,0x00,0x07,0x00,0x90,0x34,0x00,0x00,
    0x6B,0x00,0x0B,0x00,0x12,0x00,0x0D,0x00,0x02,0x00,0x12,0x00,0x00,0x00,0x0B,0x00,
    0x38,0x35,0x00,0x00,0x6C,0x00,0x03,0x00,0x12,0x00,0x06,0x00,0x02,0x00,0x12,0x00,
    0x00,0x00,0x03,0x00,0x00,0x36,0x00,0x00,0x6D,0x00,0x13,0x00,0x0D,0x00,0x16,0x00,
    0x02,0x00,0x0D,0x00,0x00,0x00,0x13,0x00,0x38,0x36,0x00,0x00,0x6E,0x00,0x0B,0x00,
    0x0D,0x00,0x0F,0x00,0x02,0x00,0x0D,0x00,0x00,0x00,0x0B,0x00,0x30,0x37,0x00,0x00,
    0x6F,0x00,0x0D,0x00,0x0D,0x00,0x0F,0x00,0x01,0x00,0x0D,0x00,0x00,0x00,0x0D,0x00,
    0xC0,0x37,0x00,0x00,0x70,0x00,0x0C,0x00,0x13,0x00,0x0F,0x00,0x02,0x00,0x0D,0x00,
    0x00,0x00,0x0C,0x00,0x6C,0x38,0x00,0x00,0x71,0x00,0x0C,0x00,0x13,0x00,0x0F,0x00,
    0x01,0x00,0x0D,0x00,0x00,0x00,0x0C,0x00,0x50,0x39,0x00,0x00,0x72,0x00,0x08,0x00,
    0x0D,0x00,0x0A,0x00,0x02,0x00,0x0D,0x00,0x00,0x00,0x08,0x00,0x34,0x3A,0x00,0x00,
    0x73,0x00,0x0A,0x00,0x0D,0x00,0x0C,0x00,0x01,0x00,0x0D,0x00,0x00,0x00,0x0A,0x00,
    0x9C,0x3A,0x00,0x00,0x74,0x00,0x09,0x00,0x10,0x00,0x09,0x00,0x00,0x00,0x10,0x00,
    0x00,0x00,0x09,0x00,0x20,0x3B,0x00,0x00,0x75,0x00,0x0C,0x00,0x0D,0x00,0x0F,0x00,
    0x01,0x00,0x0D,0x00,0x00,0x00,0x0C,0x00,0xB0,0x3B,0x00,0x00,0x76,0x00,0x0D,0x00,
    0x0D,0x00,0x0C,0x00,0x00,0x00,0x0D,0x00,0x00,0x00,0x0D,0x00,0x4C,0x3C,0x00,0x00,
    0x77,0x00,0x13,0x00,0x0D,0x00,0x13,0x00,0x00,0x00,0x0D,0x00,0x00,0x00,0x13,0x00,
    0xF8,0x3C,0x00,0x00,0x78,0x00,0x0D,0x00,0x0D,0x00,0x0D,0x00,0x00,0x00,0x0D,0x00,
    0x00,0x00,0x0D,0x00,0xF0,0x3D,0x00,0x00,0x79,0x00,0x0D,0x00,0x13,0x00,0x0C,0x00,
    0x00,0x00,0x0D,0x00,0x00,0x00,0x0D,0x00,0x9C,0x3E,0x00,0x00,0x7A,0x00,0x0B,0x00,
    0x0D,0x00,0x0B,0x00,0x00,0x00,0x0D,0x00,0x00,0x00,0x0B,0x00,0x94,0x3F,0x00,0x00,
    0x7B,0x00,0x09,0x00,0x15,0x00,0x09,0x00,0x00,0x00,0x11,0x00,0x00,0x00,0x09,0x00,
    0x24,0x40,0x00,0x00,0x7C,0x00,0x03,0x00,0x18,0x00,0x0D,0x00,0x05,0x00,0x12,0x00,
    0x00,0x00,0x03,0x00,0xE4,0x40,0x00,0x00,0x7D,0x00,0x09,0x00,0x15,0x00,0x09,0x00,
    0x00,0x00,0x11,0x00,0x00,0x00,0x09,0x00,0x2C,0x41,0x00,0x00,0x7E,0x00,0x0C,0x00,
    0x03,0x00,0x0E,0x00,0x01,0x00,0x0A,0x00,0x00,0x00,0x0C,0x00,0xEC,0x41,0x00,0x00,
};

/*********************************
 * raw font glyph data
 ********************************/
const uint8_t NotoSans_Regular_glyphs[16912] =
{
    0x0A,0xFF,0xFF,0x7C,0x00,0xFC,0xFF,0x6F,0x00,0xF0,0xFF,0x62,0x00,0xE3,0xFF,0x55,
    0x00,0xD6,0xFF,0x48,0x00,0xC9,0xFF,0x3B,0x00,0xBC,0xFF,0x2E,0x00,0xAF,0xFF,0x21,
    0x00,0xA2,0xFF,0x14,0x00,0x95,0xFF,0x07,0x00,0x88,0xFA,0x00,0x00,0x7B,0xEE,0x00,
    0x00,0x00,0x00,0x00,0x00,0x00,0x00,0x00,0x0E,0xCD,0xF0,0x54,0x3A,0xFF,0xFF,0xA9,
    0x0C,0xCB,0xEF,0x51,0x66,0xFF,0xCD,0x00,0x03,0xFE,0xFF,0x31,0x51,0xFF,0xB8,0x00,
    0x00,0xED,0xFF,0x1C,0x3D,0xFF,0xA3,0x00,0x00,0xD9,0xFF,0x08,0x28,0xFF,0x8F,0x00,
    0x00,0xC4,0xF3,0x00,0x13,0xFF,0x7A,0x00,0x00,0xAF,0xDE,0x00,0x01,0xFC,0x66,0x00,
    0x00,0x9A,0xCA,0x00,0x00,0x00,0x00,0x00,0x00,0x25,0xFF,0x96,0x00,0x00,0x01,0xF3,
    0xB2,0x00,0x00,0x00,0x00,0x00,0x00,0x00,0x57,0xFF,0x65,0x00,0x00,0x27,0xFF,0x81,
    0x00,0x00,0x00,0x00,0x00,0x00,0x00,0x88,0xFF,0x33,0x00,0x00,0x58,0xFF,0x4F,0x00,
    0x00,0x00,0x00,0x00,0x00,0x00,0xBA,0xFA,0x07,0x00,0x00,0x8A,0xFF,0x1E,0x00,0x00,
    0x00,0x00,0x00,0x00,0x00,0xEB,0xD0,0x00,0x00,0x00,0xBB,0xEC,0x00,0x00,0x00,0x00,
    0x84,0xFF,0xFF,0xFF,0xFF,0xFF,0xFF,0xFF,0xFF,0xFF,0xFF,0xFF,0xFF,0xE0,0x00,0x4A,
    0x90,0x90,0xB6,0xFF,0xB6,0x90,0x90,0xAA,0xFF,0xC4,0x90,0x90,0x7E,0x00,0x00,0x00,
    0x00,0x7E,0xFF,0x33,0x00,0x00,0x60,0xFF,0x53,0x00,0x00,0x00,0x00,0x00,0x00,0x00,
    0xB3,0xF9,0x06,0x00,0x00,0x93,0xFF,0x20,0x00,0x00,0x00,0x00,0x00,0x00,0x00,0xE8,
    0xCB,0x00,0x00,0x00,0xC6,0xED,0x00,0x00,0x00,0x00,0x4E,0xC0,0xC0,0xC2,0xFF,0xEA,
    0xC0,0xC0,0xC0,0xF9,0xF3,0xC0,0xC0,0xC0,0x0C,0x68,0xFF,0xFF,0xFF,0xFF,0xFF,0xFF,
    0xFF,0xFF,0xFF,0xFF,0xFF,0xFF,0xFF,0x10,0x00,0x00,0x00,0x78,0xFF,0x3B,0x00,0x00,
    0x56,0xFF,0x5E,0x00,0x00,0x00,0x00,0x00,0x00,0x00,0xA6,0xFE,0x0D,0x00,0x00,0x88,
    0xFF,0x2C,0x00,0x00,0x00,0x00,0x00,0x00,0x00,0xD4,0xDB,0x00,0x00,0x00,0xBA,0xF6,
    0x03,0x00,0x00,0x00,0x00,0x00,0x00,0x07,0xFB,0xAB,0x00,0x00,0x00,0xEC,0xC7,0x00,
    0x00,0x00,0x00,0x00,0x00,0x00,0x31,0xFF,0x7B,0x00,0x00,0x1F,0xFF,0x95,0x00,0x00,
    0x00,0x00,0x00,0x00,0x00,0x00,0x00,0x00,0x00,0xEC,0x9C,0x00,0x00,0x00,0x00,0x00,
    0x00,0x00,0x00,0x00,0x00,0xEC,0x9C,0x00,0x00,0x00,0x00,0x00,0x00,0x00,0x4F,0xAB,
    0xD1,0xFD,0xF0,0xCE,0xAB,0x64,0x12,0x00,0x00,0x98,0xFF,0xFF,0xFF,0xFF,0xFF,0xFF,
    0xFF,0xFF,0xA8,0x00,0x3C,0xFF,0xFC,0x76,0x22,0xEC,0x9D,0x20,0x4D,0x97,0x42,0x00,
    0x79,0xFF,0xA4,0x00,0x00,0xEC,0x9C,0x00,0x00,0x00,0x00,0x00,0x76,0xFF,0xAA,0x00,
    0x00,0xEC,0x9C,0x00,0x00,0x00,0x00,0x00,0x31,0xFF,0xFC,0x6D,0x0B,0xEC,0x9C,0x00,
    0x00,0x00,0x00,0x00,0x00,0x7E,0xFF,0xFF,0xF7,0xFC,0xB4,0x0D,0x00,0x00,0x00,0x00,
    0x00,0x00,0x3E,0xB9,0xFD,0xFF,0xFF,0xF8,0xA7,0x30,0x00,0x00,0x00,0x00,0x00,0x00,
    0x17,0xF1,0xED,0xF9,0xFF,0xFC,0x6F,0x00,0x00,0x00,0x00,0x00,0x00,0xEC,0x9C,0x0F,
    0x82,0xFF,0xFC,0x22,0x00,0x00,0x00,0x00,0x00,0xEC,0x9C,0x00,0x00,0xC7,0xFF,0x58,
    0x00,0x00,0x00,0x00,0x00,0xEC,0x9C,0x00,0x02,0xD6,0xFF,0x4D,0x72,0x96,0x4F,0x20,
    0x08,0xEC,0xAA,0x47,0xB1,0xFF,0xE7,0x0B,0x84,0xFF,0xFF,0xFF,0xFF,0xFF,0xFF,0xFF,
    0xFF,0xE0,0x33,0x00,0x12,0x64,0x9B,0xB5,0xC9,0xFC,0xE4,0x9B,0x59,0x07,0x00,0x00,
    0x00,0x00,0x00,0x00,0x00,0xEC,0x9C,0x00,0x00,0x00,0x00,0x00,0x00,0x00,0x00,0x00,
    0x00,0xEC,0x9C,0x00,0x00,0x00,0x00,0x00,0x00,0x00,0x00,0x00,0x00,0x72,0x4B,0x00,
    0x00,0x00,0x00,0x00,0x00,0x36,0xC8,0xF8,0xE1,0x70,0x00,0x00,0x00,0x00,0x00,0x00,
    0x7C,0xFF,0x5B,0x00,0x00,0x00,0x13,0xED,0xFE,0xD5,0xF4,0xFF,0x61,0x00,0x00,0x00,
    0x00,0x17,0xF3,0xCB,0x01,0x00,0x00,0x00,0x72,0xFF,0x80,0x00,0x23,0xF4,0xDB,0x00,
    0x00,0x00,0x00,0x9A,0xFF,0x3E,0x00,0x00,0x00,0x00,0xAE,0xFF,0x1C,0x00,0x00,0xAD,
    0xFF,0x1D,0x00,0x00,0x2C,0xFC,0xAE,0x00,0x00,0x00,0x00,0x00,0xCA,0xFA,0x00,0x00,
    0x00,0x88,0xFF,0x3C,0x00,0x00,0xB8,0xFA,0x25,0x00,0x00,0x00,0x00,0x00,0xD1,0xF0,
    0x00,0x00,0x00,0x7D,0xFF,0x44,0x00,0x46,0xFF,0x90,0x00,0x00,0x00,0x00,0x00,0x00,
    0xC3,0xFD,0x01,0x00,0x00,0x8D,0xFF,0x37,0x03,0xD2,0xEF,0x12,0x1F,0x6F,0x7A,0x3C,
    0x00,0x00,0x9D,0xFF,0x2E,0x00,0x00,0xC1,0xFE,0x12,0x65,0xFF,0x72,0x3B,0xF5,0xFF,
    0xFF,0xFF,0x83,0x00,0x52,0xFF,0xAE,0x14,0x57,0xFD,0xC7,0x0C,0xE7,0xDD,0x06,0xCC,
    0xF6,0x42,0x19,0xC4,0xFE,0x2C,0x02,0xC5,0xFF,0xFF,0xFF,0xFD,0x43,0x83,0xFF,0x54,
    0x1D,0xFF,0xAA,0x00,0x00,0x44,0xFF,0x82,0x00,0x0C,0x83,0xB8,0xA4,0x3C,0x1C,0xF6,
    0xC5,0x00,0x46,0xFF,0x7E,0x00,0x00,0x11,0xFF,0xAF,0x00,0x00,0x00,0x00,0x00,0x00,
    0xA1,0xFF,0x37,0x00,0x55,0xFF,0x70,0x00,0x00,0x01,0xFF,0xBF,0x00,0x00,0x00,0x00,
    0x00,0x32,0xFE,0xA7,0x00,0x00,0x4E,0xFF,0x7A,0x00,0x00,0x0D,0xFF,0xBA,0x00,0x00,
    0x00,0x00,0x00,0xBF,0xF8,0x20,0x00,0x00,0x30,0xFF,0x9B,0x00,0x00,0x32,0xFF,0x9D,
    0x00,0x00,0x00,0x00,0x4E,0xFF,0x89,0x00,0x00,0x00,0x03,0xEC,0xE8,0x14,0x00,0x9C,
    0xFF,0x5F,0x00,0x00,0x00,0x04,0xD8,0xEB,0x0F,0x00,0x00,0x00,0x00,0x78,0xFF,0xED,
    0xD9,0xFF,0xE1,0x09,0x00,0x00,0x00,0x6C,0xFF,0x6B,0x00,0x00,0x00,0x00,0x00,0x02,
    0x83,0xE9,0xF6,0xBD,0x28,0x00,0x00,0x00,0x00,0x00,0x00,0x4F,0xBD,0xE6,0xF6,0xD7,
    0x87,0x11,0x00,0x00,0x00,0x00,0x00,0x00,0x00,0x00,0x00,0x7F,0xFF,0xFF,0xDC,0xCB,
    0xF8,0xFF,0xD5,0x08,0x00,0x00,0x00,0x00,0x00,0x00,0x00,0x07,0xF5,0xFF,0x61,0x00,
    0x00,0x22,0xEB,0xFF,0x54,0x00,0x00,0x00,0x00,0x00,0x00,0x00,0x17,0xFF,0xFA,0x01,
    0x00,0x00,0x00,0xB0,0xFF,0x68,0x00,0x00,0x00,0x00,0x00,0x00,0x00,0x01,0xEC,0xFF,
    0x30,0x00,0x00,0x0C,0xE5,0xFF,0x33,0x00,0x00,0x00,0x00,0x00,0x00,0x00,0x00,0x6F,
    0xFF,0xD2,0x10,0x21,0xC6,0xFF,0x95,0x00,0x00,0x00,0x00,0x00,0x00,0x00,0x00,0x00,
    0x00,0x9F,0xFF,0xDD,0xF8,0xFA,0x7D,0x01,0x00,0x00,0x00,0x00,0x00,0x00,0x00,0x00,
    0x00,0x05,0x85,0xFF,0xFF,0xFF,0x55,0x00,0x00,0x00,0x00,0x00,0x00,0x00,0x00,0x00,
    0x00,0x14,0xCA,0xFF,0xF6,0xDB,0xFF,0xE9,0x2C,0x00,0x00,0x00,0x00,0xD3,0xFF,0x53,
    0x00,0x04,0xCF,0xFF,0xD8,0x26,0x11,0xCB,0xFF,0xEB,0x2E,0x00,0x00,0x20,0xFF,0xFA,
    0x10,0x00,0x64,0xFF,0xEF,0x17,0x00,0x00,0x0E,0xC5,0xFF,0xEB,0x2F,0x00,0x82,0xFF,
    0xB0,0x00,0x00,0x9F,0xFF,0x9B,0x00,0x00,0x00,0x00,0x0C,0xC0,0xFF,0xED,0x4C,0xF5,
    0xFF,0x40,0x00,0x00,0xB5,0xFF,0x89,0x00,0x00,0x00,0x00,0x00,0x09,0xBA,0xFF,0xFF,
    0xFF,0xAC,0x00,0x00,0x00,0x96,0xFF,0xC6,0x00,0x00,0x00,0x00,0x00,0x00,0x1A,0xF3,
    0xFF,0xFF,0x3F,0x00,0x00,0x00,0x3C,0xFF,0xFF,0x8B,0x08,0x00,0x00,0x08,0x5A,0xE2,
    0xFF,0xF8,0xFF,0xEA,0x2A,0x00,0x00,0x00,0x84,0xFF,0xFF,0xF1,0xCB,0xD1,0xF4,0xFF,
    0xFE,0x9E,0x16,0xC0,0xFF,0xE7,0x26,0x00,0x00,0x00,0x45,0xB0,0xE8,0xFB,0xEF,0xD3,
    0x91,0x2E,0x00,0x00,0x0C,0xC6,0xFF,0xE4,0x22,0x00,0x00,0x00,0x66,0xFF,0xCD,0x51,
    0xFF,0xB8,0x3D,0xFF,0xA3,0x28,0xFF,0x8F,0x13,0xFF,0x7A,0x01,0xFC,0x66,0x00,0x00,
    0x00,0x00,0x00,0x07,0xD4,0xFC,0x30,0x00,0x00,0x00,0x8A,0xFF,0x8C,0x00,0x00,0x00,
    0x2C,0xFD,0xEC,0x0B,0x00,0x00,0x00,0x9A,0xFF,0x8B,0x00,0x00,0x00,0x10,0xF5,0xFE,
    0x24,0x00,0x00,0x00,0x56,0xFF,0xD1,0x00,0x00,0x00,0x00,0x90,0xFF,0x96,0x00,0x00,
    0x00,0x00,0xC8,0xFF,0x5D,0x00,0x00,0x00,0x00,0xE5,0xFF,0x3E,0x00,0x00,0x00,0x00,
    0xF7,0xFF,0x2B,0x00,0x00,0x00,0x07,0xFF,0xFF,0x1C,0x00,0x00,0x00,0x00,0xFA,0xFF,
    0x2A,0x00,0x00,0x00,0x00,0xE8,0xFF,0x3D,0x00,0x00,0x00,0x00,0xCF,0xFF,0x59,0x00,
    0x00,0x00,0x00,0x98,0xFF,0x93,0x00,0x00,0x00,0x00,0x5D,0xFF,0xCF,0x00,0x00,0x00,
    0x00,0x17,0xF9,0xFD,0x21,0x00,0x00,0x00,0x00,0xA2,0xFF,0x88,0x00,0x00,0x00,0x00,
    0x31,0xFE,0xEB,0x0B,0x00,0x00,0x00,0x00,0x8F,0xFF,0x89,0x00,0x00,0x00,0x00,0x07,
    0xD1,0xF7,0x2A,0x00,0x10,0xE8,0xF0,0x1D,0x00,0x00,0x00,0x00,0x5A,0xFF,0xB9,0x00,
    0x00,0x00,0x00,0x00,0xC5,0xFF,0x59,0x00,0x00,0x00,0x00,0x5A,0xFF,0xC7,0x00,0x00,
    0x00,0x00,0x07,0xEB,0xFF,0x32,0x00,0x00,0x00,0x00,0xA2,0xFF,0x81,0x00,0x00,0x00,
    0x00,0x66,0xFF,0xBD,0x00,0x00,0x00,0x00,0x2A,0xFF,0xF4,0x02,0x00,0x00,0x00,0x0C,
    0xFF,0xFF,0x13,0x00,0x00,0x00,0x00,0xF8,0xFF,0x26,0x00,0x00,0x00,0x00,0xE9,0xFF,
    0x36,0x00,0x00,0x00,0x00,0xF6,0xFF,0x2A,0x00,0x00,0x00,0x0B,0xFF,0xFF,0x16,0x00,
    0x00,0x00,0x27,0xFF,0xF9,0x04,0x00,0x00,0x00,0x62,0xFF,0xC5,0x00,0x00,0x00,0x00,
    0x9F,0xFF,0x89,0x00,0x00,0x00,0x06,0xE9,0xFF,0x3C,0x00,0x00,0x00,0x58,0xFF,0xCF,
    0x00,0x00,0x00,0x00,0xC3,0xFF,0x5F,0x00,0x00,0x00,0x57,0xFF,0xBD,0x01,0x00,0x00,
    0x0D,0xE1,0xED,0x1D,0x00,0x00,0x00,0x00,0x00,0x00,0x00,0x00,0x00,0x93,0xFF,0xAD,
    0x00,0x00,0x00,0x00,0x00,0x00,0x00,0x00,0x00,0x00,0x77,0xFF,0x92,0x00,0x00,0x00,
    0x00,0x00,0x00,0x00,0x00,0x00,0x00,0x5B,0xFF,0x77,0x00,0x00,0x00,0x00,0x00,0x00,
    0x77,0x61,0x19,0x00,0x3F,0xFF,0x5C,0x00,0x11,0x56,0x8D,0x00,0x00,0xDF,0xFF,0xFF,
    0xCF,0x9E,0xFF,0xA9,0xC6,0xFC,0xFF,0xFE,0x0B,0x00,0x81,0x98,0xAD,0xC2,0xF1,0xFF,
    0xF8,0xC5,0xB0,0x9B,0x86,0x12,0x00,0x00,0x00,0x00,0x2D,0xF6,0xE7,0xFE,0x4A,0x00,
    0x00,0x00,0x00,0x00,0x00,0x00,0x0B,0xD8,0xFC,0x2F,0xF1,0xEC,0x1D,0x00,0x00,0x00,
    0x00,0x00,0x00,0xA3,0xFF,0xAA,0x00,0x85,0xFF,0xC6,0x05,0x00,0x00,0x00,0x00,0x31,
    0xF9,0xFF,0x39,0x00,0x14,0xF4,0xFF,0x58,0x00,0x00,0x00,0x00,0x00,0x1F,0x7C,0x00,
    0x00,0x00,0x63,0x36,0x00,0x00,0x00,0x00,0x00,0x00,0x00,0x00,0x08,0xFF,0xB4,0x00,
    0x00,0x00,0x00,0x00,0x00,0x00,0x00,0x00,0x08,0xFF,0xB4,0x00,0x00,0x00,0x00,0x00,
    0x00,0x00,0x00,0x00,0x08,0xFF,0xB4,0x00,0x00,0x00,0x00,0x00,0x00,0x00,0x00,0x00,
    0x08,0xFF,0xB4,0x00,0x00,0x00,0x00,0x00,0x00,0x00,0x00,0x00,0x08,0xFF,0xB4,0x00,
    0x00,0x00,0x00,0x00,0x99,0xC0,0xC0,0xC0,0xC2,0xFF,0xED,0xC0,0xC0,0xC0,0xC0,0x5D,
    0xCC,0xFF,0xFF,0xFF,0xFF,0xFF,0xFF,0xFF,0xFF,0xFF,0xFF,0x7C,0x00,0x00,0x00,0x00,
    0x08,0xFF,0xB4,0x00,0x00,0x00,0x00,0x00,0x00,0x00,0x00,0x00,0x08,0xFF,0xB4,0x00,
    0x00,0x00,0x00,0x00,0x00,0x00,0x00,0x00,0x08,0xFF,0xB4,0x00,0x00,0x00,0x00,0x00,
    0x00,0x00,0x00,0x00,0x08,0xFF,0xB4,0x00,0x00,0x00,0x00,0x00,0x00,0x00,0x00,0x00,
    0x08,0xFF,0xB4,0x00,0x00,0x00,0x00,0x00,0x00,0x00,0xE5,0xFF,0x81,0x00,0x0F,0xFF,
    0xFF,0x3D,0x00,0x41,0xFF,0xE5,0x02,0x00,0x76,0xFF,0x89,0x00,0x00,0xAD,0xFE,0x25,
    0x00,0x00,0xE6,0xBE,0x00,0x00,0x00,0x00,0x09,0xC0,0xC0,0xC0,0xC0,0xC0,0x93,0x0C,
    0xFF,0xFF,0xFF,0xFF,0xFF,0xC4,0x00,0x00,0x0E,0xCE,0xEF,0x54,0x3A,0xFF,0xFF,0xA9,
    0x0C,0xCC,0xEF,0x51,0x00,0x00,0x00,0x00,0x00,0x00,0x91,0xFF,0x7F,0x00,0x00,0x00,
    0x00,0x00,0x05,0xEB,0xFE,0x20,0x00,0x00,0x00,0x00,0x00,0x51,0xFF,0xBF,0x00,0x00,
    0x00,0x00,0x00,0x00,0xB1,0xFF,0x5F,0x00,0x00,0x00,0x00,0x00,0x16,0xFA,0xF3,0x0B,
    0x00,0x00,0x00,0x00,0x00,0x72,0xFF,0x9E,0x00,0x00,0x00,0x00,0x00,0x00,0xD1,0xFF,
    0x3E,0x00,0x00,0x00,0x00,0x00,0x32,0xFF,0xDD,0x01,0x00,0x00,0x00,0x00,0x00,0x92,
    0xFF,0x7D,0x00,0x00,0x00,0x00,0x00,0x06,0xEC,0xFE,0x1F,0x00,0x00,0x00,0x00,0x00,
    0x53,0xFF,0xBD,0x00,0x00,0x00,0x00,0x00,0x00,0xB3,0xFF,0x5D,0x00,0x00,0x00,0x00,
    0x00,0x17,0xFB,0xF2,0x0A,0x00,0x00,0x00,0x00,0x00,0x74,0xFF,0x9C,0x00,0x00,0x00,
    0x00,0x00,0x00,0xD3,0xFF,0x3C,0x00,0x00,0x00,0x00,0x00,0x34,0xFF,0xDB,0x00,0x00,
    0x00,0x00,0x00,0x00,0x94,0xFF,0x7C,0x00,0x00,0x00,0x00,0x00,0x00,0x00,0x00,0x00,
    0x00,0x00,0x0F,0x89,0xDA,0xF9,0xEE,0xBE,0x50,0x00,0x00,0x00,0x00,0x0E,0xD2,0xFF,
    0xF7,0xCB,0xD6,0xFF,0xFF,0x81,0x00,0x00,0x00,0xA1,0xFF,0xC0,0x14,0x00,0x00,0x3B,
    0xEE,0xFF,0x40,0x00,0x1A,0xFA,0xFA,0x1A,0x00,0x00,0x00,0x00,0x69,0xFF,0xBC,0x00,
    0x62,0xFF,0xB6,0x00,0x00,0x00,0x00,0x00,0x0D,0xFB,0xFC,0x13,0x96,0xFF,0x7F,0x00,
    0x00,0x00,0x00,0x00,0x00,0xCE,0xFF,0x48,0xB7,0xFF,0x5F,0x00,0x00,0x00,0x00,0x00,
    0x00,0xAD,0xFF,0x6E,0xC6,0xFF,0x4F,0x00,0x00,0x00,0x00,0x00,0x00,0x9D,0xFF,0x7F,
    0xD1,0xFF,0x49,0x00,0x00,0x00,0x00,0x00,0x00,0x96,0xFF,0x88,0xC9,0xFF,0x4F,0x00,
    0x00,0x00,0x00,0x00,0x00,0x9D,0xFF,0x7C,0xB7,0xFF,0x5F,0x00,0x00,0x00,0x00,0x00,
    0x00,0xAD,0xFF,0x6D,0x92,0xFF,0x80,0x00,0x00,0x00,0x00,0x00,0x00,0xCE,0xFF,0x4A,
    0x5A,0xFF,0xB6,0x00,0x00,0x00,0x00,0x00,0x0C,0xFA,0xFF,0x16,0x11,0xF7,0xF9,0x1A,
    0x00,0x00,0x00,0x00,0x67,0xFF,0xC7,0x00,0x00,0x90,0xFF,0xC0,0x14,0x00,0x00,0x3A,
    0xED,0xFF,0x53,0x00,0x00,0x0A,0xCA,0xFF,0xF7,0xCA,0xD5,0xFF,0xFF,0x91,0x00,0x00,
    0x00,0x00,0x08,0x7C,0xD4,0xF6,0xF4,0xC7,0x60,0x01,0x00,0x00,0x00,0x00,0x00,0x16,
    0xC3,0xFF,0x84,0x00,0x00,0x31,0xE1,0xFF,0xFF,0x84,0x00,0x58,0xF5,0xFE,0xD2,0xFF,
    0x84,0x7A,0xFF,0xF4,0x55,0x84,0xFF,0x84,0x49,0xDA,0x2D,0x00,0x8B,0xFF,0x84,0x00,
    0x05,0x00,0x00,0x8C,0xFF,0x84,0x00,0x00,0x00,0x00,0x8C,0xFF,0x84,0x00,0x00,0x00,
    0x00,0x8C,0xFF,0x84,0x00,0x00,0x00,0x00,0x8C,0xFF,0x84,0x00,0x00,0x00,0x00,0x8C,
    0xFF,0x84,0x00,0x00,0x00,0x00,0x8C,0xFF,0x84,0x00,0x00,0x00,0x00,0x8C,0xFF,0x84,
    0x00,0x00,0x00,0x00,0x8C,0xFF,0x84,0x00,0x00,0x00,0x00,0x8C,0xFF,0x84,0x00,0x00,
    0x00,0x00,0x8C,0xFF,0x84,0x00,0x00,0x00,0x00,0x8C,0xFF,0x84,0x00,0x00,0x00,0x00,
    0x8C,0xFF,0x84,0x00,0x00,0x01,0x54,0xAF,0xE5,0xF9,0xEE,0xBD,0x59,0x00,0x00,0x00,
    0x2B,0xCD,0xFF,0xFF,0xDF,0xC7,0xE4,0xFF,0xFF,0xA0,0x00,0x00,0x40,0xFB,0xAE,0x2B,
    0x00,0x00,0x00,0x58,0xFC,0xFF,0x53,0x00,0x00,0x28,0x00,0x00,0x00,0x00,0x00,0x00,
    0x9A,0xFF,0xA8,0x00,0x00,0x00,0x00,0x00,0x00,0x00,0x00,0x00,0x6A,0xFF,0xC1,0x00,
    0x00,0x00,0x00,0x00,0x00,0x00,0x00,0x00,0x79,0xFF,0xAC,0x00,0x00,0x00,0x00,0x00,
    0x00,0x00,0x00,0x00,0xC2,0xFF,0x69,0x00,0x00,0x00,0x00,0x00,0x00,0x00,0x00,0x49,
    0xFF,0xE9,0x0E,0x00,0x00,0x00,0x00,0x00,0x00,0x00,0x20,0xEA,0xFF,0x58,0x00,0x00,
    0x00,0x00,0x00,0x00,0x00,0x17,0xDA,0xFF,0x8C,0x00,0x00,0x00,0x00,0x00,0x00,0x00,
    0x13,0xD3,0xFF,0xA1,0x01,0x00,0x00,0x00,0x00,0x00,0x00,0x13,0xD0,0xFF,0xA1,0x02,
    0x00,0x00,0x00,0x00,0x00,0x00,0x12,0xCF,0xFF,0x9D,0x02,0x00,0x00,0x00,0x00,0x00,
    0x00,0x12,0xCF,0xFF,0x98,0x01,0x00,0x00,0x00,0x00,0x00,0x00,0x12,0xCE,0xFF,0x93,
    0x01,0x00,0x00,0x00,0x00,0x00,0x00,0x00,0xBC,0xFF,0xFB,0xC0,0xC0,0xC0,0xC0,0xC0,
    0xC0,0xC0,0xC0,0x5D,0xD8,0xFF,0xFF,0xFF,0xFF,0xFF,0xFF,0xFF,0xFF,0xFF,0xFF,0x7C,
    0x00,0x14,0x77,0xC2,0xEA,0xFB,0xF1,0xCA,0x79,0x0A,0x00,0x00,0x66,0xF5,0xFF,0xFC,
    0xD6,0xC6,0xDE,0xFF,0xFF,0xD0,0x0E,0x00,0x41,0xE9,0x7B,0x11,0x00,0x00,0x00,0x38,
    0xEB,0xFF,0x85,0x00,0x00,0x04,0x00,0x00,0x00,0x00,0x00,0x00,0x75,0xFF,0xC8,0x00,
    0x00,0x00,0x00,0x00,0x00,0x00,0x00,0x00,0x62,0xFF,0xBA,0x00,0x00,0x00,0x00,0x00,
    0x00,0x00,0x00,0x04,0xC3,0xFF,0x74,0x00,0x00,0x00,0x00,0x00,0x02,0x14,0x4B,0xC3,
    0xFF,0xB1,0x04,0x00,0x00,0x00,0x4C,0xFF,0xFF,0xFF,0xFF,0xCC,0x4E,0x00,0x00,0x00,
    0x00,0x00,0x39,0xC0,0xC4,0xDA,0xF5,0xFF,0xEB,0x80,0x04,0x00,0x00,0x00,0x00,0x00,
    0x00,0x00,0x08,0x55,0xDF,0xFF,0x9E,0x00,0x00,0x00,0x00,0x00,0x00,0x00,0x00,0x00,
    0x2A,0xFF,0xFF,0x23,0x00,0x00,0x00,0x00,0x00,0x00,0x00,0x00,0x00,0xE1,0xFF,0x53,
    0x00,0x00,0x00,0x00,0x00,0x00,0x00,0x00,0x00,0xEB,0xFF,0x48,0x00,0x00,0x00,0x00,
    0x00,0x00,0x00,0x00,0x40,0xFF,0xFC,0x19,0xA6,0x5B,0x0B,0x00,0x00,0x00,0x01,0x46,
    0xE6,0xFF,0xA1,0x00,0xEC,0xFF,0xFC,0xD9,0xC5,0xC9,0xEB,0xFF,0xFF,0xBB,0x0B,0x00,
    0x3E,0x99,0xCE,0xE5,0xF9,0xF2,0xDD,0xA8,0x53,0x00,0x00,0x00,0x00,0x00,0x00,0x00,
    0x00,0x00,0x00,0x04,0xC7,0xFF,0xC0,0x00,0x00,0x00,0x00,0x00,0x00,0x00,0x00,0x00,
    0x00,0x84,0xFF,0xFF,0xC0,0x00,0x00,0x00,0x00,0x00,0x00,0x00,0x00,0x00,0x3E,0xFD,
    0xD0,0xFF,0xC0,0x00,0x00,0x00,0x00,0x00,0x00,0x00,0x00,0x11,0xE2,0xF3,0x5A,0xFF,
    0xC0,0x00,0x00,0x00,0x00,0x00,0x00,0x00,0x00,0xAB,0xFF,0x64,0x44,0xFF,0xC0,0x00,
    0x00,0x00,0x00,0x00,0x00,0x00,0x64,0xFF,0xAA,0x00,0x47,0xFF,0xC0,0x00,0x00,0x00,
    0x00,0x00,0x00,0x26,0xF4,0xDF,0x0F,0x00,0x48,0xFF,0xC0,0x00,0x00,0x00,0x00,0x00,
    0x06,0xCD,0xFB,0x39,0x00,0x00,0x48,0xFF,0xC0,0x00,0x00,0x00,0x00,0x00,0x8C,0xFF,
    0x79,0x00,0x00,0x00,0x48,0xFF,0xC0,0x00,0x00,0x00,0x00,0x45,0xFE,0xBD,0x02,0x00,
    0x00,0x00,0x48,0xFF,0xC0,0x00,0x00,0x00,0x14,0xE6,0xEA,0x19,0x00,0x00,0x00,0x00,
    0x48,0xFF,0xC0,0x00,0x00,0x00,0x7B,0xFF,0xF3,0xE0,0xE0,0xE0,0xE0,0xE0,0xE9,0xFF,
    0xF8,0xE0,0xE0,0x38,0x80,0xFF,0xFF,0xFF,0xFF,0xFF,0xFF,0xFF,0xFF,0xFF,0xFF,0xFF,
    0xFF,0x40,0x00,0x00,0x00,0x00,0x00,0x00,0x00,0x00,0x48,0xFF,0xC0,0x00,0x00,0x00,
    0x00,0x00,0x00,0x00,0x00,0x00,0x00,0x00,0x48,0xFF,0xC0,0x00,0x00,0x00,0x00,0x00,
    0x00,0x00,0x00,0x00,0x00,0x00,0x48,0xFF,0xC0,0x00,0x00,0x00,0x00,0x00,0x00,0x00,
    0x00,0x00,0x00,0x00,0x48,0xFF,0xC0,0x00,0x00,0x00,0x00,0x00,0x00,0x7B,0xFF,0xFF,
    0xFF,0xFF,0xFF,0xFF,0xFF,0xFF,0x28,0x00,0x00,0x90,0xFF,0xD7,0xC0,0xC0,0xC0,0xC0,
    0xC0,0xC0,0x1E,0x00,0x00,0xA5,0xFF,0x4E,0x00,0x00,0x00,0x00,0x00,0x00,0x00,0x00,
    0x00,0xBB,0xFF,0x38,0x00,0x00,0x00,0x00,0x00,0x00,0x00,0x00,0x00,0xD0,0xFF,0x21,
    0x00,0x00,0x00,0x00,0x00,0x00,0x00,0x00,0x00,0xE5,0xFF,0x0A,0x00,0x00,0x00,0x00,
    0x00,0x00,0x00,0x00,0x00,0xF9,0xFC,0x92,0xAE,0xBB,0xAF,0x84,0x2F,0x00,0x00,0x00,
    0x09,0xF3,0xFF,0xFF,0xFF,0xFF,0xFF,0xFF,0xFF,0x9A,0x04,0x00,0x00,0x1F,0x45,0x1E,
    0x08,0x08,0x2A,0x81,0xF8,0xFF,0x90,0x00,0x00,0x00,0x00,0x00,0x00,0x00,0x00,0x00,
    0x5C,0xFF,0xFC,0x13,0x00,0x00,0x00,0x00,0x00,0x00,0x00,0x00,0x01,0xEC,0xFF,0x49,
    0x00,0x00,0x00,0x00,0x00,0x00,0x00,0x00,0x00,0xD1,0xFF,0x55,0x00,0x00,0x00,0x00,
    0x00,0x00,0x00,0x00,0x00,0xE9,0xFF,0x3B,0x00,0x00,0x00,0x00,0x00,0x00,0x00,0x00,
    0x48,0xFF,0xF0,0x06,0x5D,0x69,0x17,0x00,0x00,0x00,0x04,0x62,0xEE,0xFF,0x75,0x00,
    0x7C,0xFF,0xFF,0xE2,0xC7,0xD1,0xF3,0xFF,0xFF,0x92,0x01,0x00,0x1A,0x83,0xC4,0xE0,
    0xF5,0xF7,0xDE,0xA3,0x3C,0x00,0x00,0x00,0x00,0x00,0x00,0x00,0x41,0x9E,0xD6,0xEF,
    0xFA,0xE5,0x38,0x00,0x00,0x00,0x0D,0xA7,0xFF,0xFF,0xEF,0xD0,0xC6,0xE2,0x47,0x00,
    0x00,0x02,0xB5,0xFF,0xD5,0x48,0x03,0x00,0x00,0x00,0x02,0x00,0x00,0x64,0xFF,0xD2,
    0x0F,0x00,0x00,0x00,0x00,0x00,0x00,0x00,0x00,0xDA,0xFF,0x3B,0x00,0x00,0x00,0x00,
    0x00,0x00,0x00,0x00,0x2A,0xFF,0xDA,0x00,0x00,0x00,0x00,0x00,0x00,0x00,0x00,0x00,
    0x66,0xFF,0xAA,0x0E,0x89,0xDD,0xF8,0xEB,0xAE,0x34,0x00,0x00,0x8B,0xFF,0x97,0xD6,
    0xFE,0xD4,0xCE,0xF5,0xFF,0xFA,0x52,0x00,0xA2,0xFF,0xFB,0xC0,0x22,0x00,0x00,0x09,
    0x9B,0xFF,0xF0,0x10,0xAC,0xFF,0xDE,0x0B,0x00,0x00,0x00,0x00,0x05,0xDB,0xFF,0x5F,
    0x9F,0xFF,0x84,0x00,0x00,0x00,0x00,0x00,0x00,0x99,0xFF,0x8A,0x88,0xFF,0x83,0x00,
    0x00,0x00,0x00,0x00,0x00,0x81,0xFF,0x91,0x53,0xFF,0xBB,0x00,0x00,0x00,0x00,0x00,
    0x00,0x9B,0xFF,0x7A,0x0B,0xF5,0xFD,0x30,0x00,0x00,0x00,0x00,0x07,0xE4,0xFF,0x3D,
    0x00,0x76,0xFF,0xDF,0x30,0x00,0x00,0x14,0xB2,0xFF,0xCA,0x00,0x00,0x03,0xA2,0xFF,
    0xFE,0xD7,0xD1,0xF9,0xFF,0xE2,0x24,0x00,0x00,0x00,0x00,0x57,0xBE,0xEC,0xF8,0xD9,
    0x8A,0x14,0x00,0x00,0xF0,0xFF,0xFF,0xFF,0xFF,0xFF,0xFF,0xFF,0xFF,0xFF,0xFF,0x8C,
    0xB4,0xC0,0xC0,0xC0,0xC0,0xC0,0xC0,0xC0,0xC0,0xF0,0xFF,0x7E,0x00,0x00,0x00,0x00,
    0x00,0x00,0x00,0x00,0x15,0xF6,0xFB,0x1E,0x00,0x00,0x00,0x00,0x00,0x00,0x00,0x00,
    0x83,0xFF,0xA7,0x00,0x00,0x00,0x00,0x00,0x00,0x00,0x00,0x0B,0xED,0xFF,0x34,0x00,
    0x00,0x00,0x00,0x00,0x00,0x00,0x00,0x6F,0xFF,0xC1,0x00,0x00,0x00,0x00,0x00,0x00,
    0x00,0x00,0x04,0xE0,0xFF,0x4E,0x00,0x00,0x00,0x00,0x00,0x00,0x00,0x00,0x5B,0xFF,
    0xD9,0x01,0x00,0x00,0x00,0x00,0x00,0x00,0x00,0x00,0xD0,0xFF,0x68,0x00,0x00,0x00,
    0x00,0x00,0x00,0x00,0x00,0x47,0xFF,0xEC,0x09,0x00,0x00,0x00,0x00,0x00,0x00,0x00,
    0x00,0xBD,0xFF,0x82,0x00,0x00,0x00,0x00,0x00,0x00,0x00,0x00,0x33,0xFF,0xF8,0x17,
    0x00,0x00,0x00,0x00,0x00,0x00,0x00,0x00,0xA9,0xFF,0x9C,0x00,0x00,0x00,0x00,0x00,
    0x00,0x00,0x00,0x22,0xFC,0xFE,0x2B,0x00,0x00,0x00,0x00,0x00,0x00,0x00,0x00,0x95,
    0xFF,0xB6,0x00,0x00,0x00,0x00,0x00,0x00,0x00,0x00,0x14,0xF6,0xFF,0x43,0x00,0x00,
    0x00,0x00,0x00,0x00,0x00,0x00,0x81,0xFF,0xD1,0x00,0x00,0x00,0x00,0x00,0x00,0x00,
    0x00,0x00,0x27,0x9A,0xDD,0xF7,0xF5,0xD0,0x82,0x10,0x00,0x00,0x00,0x4B,0xF9,0xFF,
    0xF0,0xCB,0xD5,0xFB,0xFF,0xE2,0x21,0x00,0x08,0xE8,0xFF,0x8D,0x09,0x00,0x00,0x1F,
    0xCA,0xFF,0xAC,0x00,0x34,0xFF,0xEA,0x00,0x00,0x00,0x00,0x00,0x3D,0xFF,0xEB,0x00,
    0x2E,0xFF,0xDA,0x00,0x00,0x00,0x00,0x00,0x31,0xFF,0xE7,0x00,0x07,0xE7,0xFF,0x3F,
    0x00,0x00,0x00,0x00,0x90,0xFF,0x9B,0x00,0x00,0x52,0xFC,0xF3,0x70,0x09,0x11,0x96,
    0xFF,0xD2,0x11,0x00,0x00,0x00,0x4C,0xE9,0xFF,0xEB,0xF2,0xFB,0x8D,0x0C,0x00,0x00,
    0x00,0x00,0x28,0xC1,0xFF,0xFE,0xFF,0xF8,0x83,0x0A,0x00,0x00,0x00,0x67,0xFA,0xF2,
    0x71,0x11,0x5F,0xD4,0xFF,0xDF,0x2C,0x00,0x3E,0xFD,0xEC,0x27,0x00,0x00,0x00,0x05,
    0x8C,0xFF,0xE3,0x0D,0xAA,0xFF,0x72,0x00,0x00,0x00,0x00,0x00,0x00,0xC7,0xFF,0x60,
    0xCD,0xFF,0x48,0x00,0x00,0x00,0x00,0x00,0x00,0x96,0xFF,0x80,0xB8,0xFF,0x7C,0x00,
    0x00,0x00,0x00,0x00,0x01,0xCC,0xFF,0x66,0x64,0xFF,0xF7,0x57,0x01,0x00,0x00,0x10,
    0x97,0xFF,0xF2,0x17,0x02,0xA9,0xFF,0xFF,0xEB,0xCB,0xD4,0xF6,0xFF,0xF6,0x4F,0x00,
    0x00,0x00,0x54,0xB3,0xE6,0xFA,0xF7,0xD8,0x94,0x22,0x00,0x00,0x00,0x00,0x24,0x96,
    0xDD,0xF7,0xE4,0xAC,0x3A,0x00,0x00,0x00,0x00,0x46,0xF3,0xFF,0xF3,0xCC,0xE1,0xFF,
    0xFD,0x70,0x00,0x00,0x14,0xEB,0xFF,0x8D,0x07,0x00,0x00,0x51,0xF5,0xFE,0x40,0x00,
    0x70,0xFF,0xC1,0x00,0x00,0x00,0x00,0x00,0x5D,0xFF,0xCA,0x00,0xAD,0xFF,0x6E,0x00,
    0x00,0x00,0x00,0x00,0x01,0xE7,0xFF,0x1E,0xC5,0xFF,0x50,0x00,0x00,0x00,0x00,0x00,
    0x00,0xB4,0xFF,0x54,0xBC,0xFF,0x68,0x00,0x00,0x00,0x00,0x00,0x00,0xC1,0xFF,0x6A,
    0x8A,0xFF,0xC0,0x00,0x00,0x00,0x00,0x00,0x3F,0xFE,0xFF,0x77,0x25,0xF9,0xFF,0xA1,
    0x2A,0x08,0x1C,0x75,0xF3,0xEB,0xFF,0x6D,0x00,0x58,0xF8,0xFF,0xFF,0xFF,0xFF,0xFD,
    0x72,0xC5,0xFF,0x57,0x00,0x00,0x21,0x84,0xB3,0xB5,0x91,0x31,0x00,0xE8,0xFF,0x32,
    0x00,0x00,0x00,0x00,0x00,0x00,0x00,0x00,0x1B,0xFF,0xF1,0x04,0x00,0x00,0x00,0x00,
    0x00,0x00,0x00,0x00,0x7E,0xFF,0xA6,0x00,0x00,0x00,0x00,0x00,0x00,0x00,0x00,0x30,
    0xF4,0xFE,0x2F,0x00,0x00,0x00,0x00,0x00,0x00,0x0A,0x64,0xEE,0xFF,0x82,0x00,0x00,
    0x00,0x87,0xD4,0xC4,0xD4,0xF7,0xFF,0xFC,0x83,0x01,0x00,0x00,0x00,0x75,0xF2,0xFC,
    0xEB,0xD1,0x8E,0x2E,0x00,0x00,0x00,0x00,0x0E,0xD0,0xF0,0x56,0x3A,0xFF,0xFF,0xA9,
    0x0D,0xCE,0xEF,0x53,0x00,0x00,0x00,0x00,0x00,0x00,0x00,0x00,0x00,0x00,0x00,0x00,
    0x00,0x00,0x00,0x00,0x00,0x00,0x00,0x00,0x00,0x00,0x00,0x00,0x00,0x00,0x00,0x00,
    0x0E,0xCE,0xEF,0x54,0x3A,0xFF,0xFF,0xA9,0x0C,0xCC,0xEF,0x51,0x00,0x14,0xD5,0xEE,
    0x4D,0x00,0x46,0xFF,0xFF,0x9D,0x00,0x12,0xD4,0xED,0x4A,0x00,0x00,0x00,0x00,0x00,
    0x00,0x00,0x00,0x00,0x00,0x00,0x00,0x00,0x00,0x00,0x00,0x00,0x00,0x00,0x00,0x00,
    0x00,0x00,0x00,0x00,0x00,0x00,0x00,0x00,0x00,0x00,0x00,0x00,0x00,0x00,0x00,0x1F,
    0xFF,0xFF,0x4A,0x00,0x4A,0xFF,0xFA,0x0F,0x00,0x7D,0xFF,0xB4,0x00,0x00,0xB4,0xFF,
    0x57,0x00,0x00,0xEA,0xED,0x07,0x00,0x24,0xFF,0x8A,0x00,0x00,0x00,0x00,0x00,0x00,
    0x00,0x00,0x00,0x00,0x00,0x00,0x1E,0x3C,0x00,0x00,0x00,0x00,0x00,0x00,0x00,0x00,
    0x1E,0x98,0xF9,0x80,0x00,0x00,0x00,0x00,0x00,0x00,0x1E,0x98,0xF9,0xFF,0xC1,0x33,
    0x00,0x00,0x00,0x00,0x1F,0x98,0xF9,0xFE,0xB2,0x39,0x00,0x00,0x00,0x00,0x1F,0x99,
    0xFA,0xFB,0xA4,0x2C,0x00,0x00,0x00,0x00,0x1F,0x99,0xFA,0xF7,0x95,0x20,0x00,0x00,
    0x00,0x00,0x00,0x00,0xCB,0xFF,0xDD,0x25,0x00,0x00,0x00,0x00,0x00,0x00,0x00,0x00,
    0x56,0xD1,0xFF,0xF4,0x97,0x2C,0x00,0x00,0x00,0x00,0x00,0x00,0x00,0x00,0x43,0xB3,
    0xFE,0xFF,0xC0,0x55,0x04,0x00,0x00,0x00,0x00,0x00,0x00,0x00,0x26,0x95,0xF4,0xFF,
    0xE5,0x7E,0x18,0x00,0x00,0x00,0x00,0x00,0x00,0x00,0x10,0x76,0xE2,0xFF,0xFA,0x61,
    0x00,0x00,0x00,0x00,0x00,0x00,0x00,0x00,0x04,0x57,0xC8,0x80,0x00,0x00,0x00,0x00,
    0x00,0x00,0x00,0x00,0x00,0x00,0x00,0x0E,0x7E,0xC0,0xC0,0xC0,0xC0,0xC0,0xC0,0xC0,
    0xC0,0xC0,0xC0,0x42,0xA8,0xFF,0xFF,0xFF,0xFF,0xFF,0xFF,0xFF,0xFF,0xFF,0xFF,0x58,
    0x00,0x00,0x00,0x00,0x00,0x00,0x00,0x00,0x00,0x00,0x00,0x00,0x00,0x00,0x00,0x00,
    0x00,0x00,0x00,0x00,0x00,0x00,0x00,0x00,0x00,0x00,0x00,0x00,0x00,0x00,0x00,0x00,
    0x00,0x00,0x00,0x00,0x7E,0xC0,0xC0,0xC0,0xC0,0xC0,0xC0,0xC0,0xC0,0xC0,0xC0,0x42,
    0xA8,0xFF,0xFF,0xFF,0xFF,0xFF,0xFF,0xFF,0xFF,0xFF,0xFF,0x58,0x50,0x09,0x00,0x00,
    0x00,0x00,0x00,0x00,0x00,0x00,0x00,0x00,0xCC,0xE8,0x72,0x09,0x00,0x00,0x00,0x00,
    0x00,0x00,0x00,0x00,0x60,0xE0,0xFF,0xE8,0x72,0x09,0x00,0x00,0x00,0x00,0x00,0x00,
    0x00,0x04,0x60,0xD7,0xFF,0xE8,0x73,0x0A,0x00,0x00,0x00,0x00,0x00,0x00,0x00,0x01,
    0x53,0xCC,0xFF,0xE8,0x73,0x0A,0x00,0x00,0x00,0x00,0x00,0x00,0x00,0x00,0x46,0xC0,
    0xFF,0xE8,0x73,0x0A,0x00,0x00,0x00,0x00,0x00,0x00,0x00,0x00,0x58,0xF8,0xFF,0x7F,
    0x00,0x00,0x00,0x00,0x00,0x01,0x46,0xB1,0xFC,0xFD,0xB1,0x2E,0x00,0x00,0x00,0x11,
    0x71,0xDA,0xFF,0xF3,0x92,0x23,0x00,0x00,0x00,0x32,0x9C,0xF6,0xFF,0xE0,0x73,0x0F,
    0x00,0x00,0x00,0x00,0xA7,0xFF,0xFF,0xC5,0x54,0x03,0x00,0x00,0x00,0x00,0x00,0x00,
    0xC7,0xA6,0x35,0x00,0x00,0x00,0x00,0x00,0x00,0x00,0x00,0x00,0x0D,0x00,0x00,0x00,
    0x00,0x00,0x00,0x00,0x00,0x00,0x00,0x00,0x06,0x54,0xAC,0xE1,0xF7,0xF7,0xD7,0x87,
    0x0E,0x00,0x86,0xFF,0xFF,0xE5,0xC7,0xD4,0xFA,0xFF,0xD6,0x0F,0x1E,0x99,0x2F,0x00,
    0x00,0x00,0x1E,0xD2,0xFF,0x80,0x00,0x00,0x00,0x00,0x00,0x00,0x00,0x54,0xFF,0xBE,
    0x00,0x00,0x00,0x00,0x00,0x00,0x00,0x4C,0xFF,0xC1,0x00,0x00,0x00,0x00,0x00,0x00,
    0x00,0x99,0xFF,0x8A,0x00,0x00,0x00,0x00,0x00,0x00,0x6F,0xFF,0xEA,0x18,0x00,0x00,
    0x00,0x00,0x01,0x8E,0xFF,0xE5,0x30,0x00,0x00,0x00,0x00,0x00,0x97,0xFF,0xD1,0x1D,
    0x00,0x00,0x00,0x00,0x00,0x39,0xFF,0xD0,0x0F,0x00,0x00,0x00,0x00,0x00,0x00,0x87,
    0xFF,0x41,0x00,0x00,0x00,0x00,0x00,0x00,0x00,0xA0,0xFF,0x14,0x00,0x00,0x00,0x00,
    0x00,0x00,0x00,0x14,0x20,0x01,0x00,0x00,0x00,0x00,0x00,0x00,0x00,0x00,0x00,0x00,
    0x00,0x00,0x00,0x00,0x00,0x00,0x06,0xC4,0xF3,0x63,0x00,0x00,0x00,0x00,0x00,0x00,
    0x26,0xFF,0xFF,0xB9,0x00,0x00,0x00,0x00,0x00,0x00,0x05,0xC1,0xF3,0x60,0x00,0x00,
    0x00,0x00,0x00,0x00,0x00,0x00,0x00,0x00,0x00,0x01,0x47,0x93,0xD0,0xE8,0xF9,0xE6,
    0xCB,0x8A,0x2E,0x00,0x00,0x00,0x00,0x00,0x00,0x00,0x00,0x00,0x42,0xCF,0xFF,0xFF,
    0xF1,0xCF,0xC4,0xD8,0xF4,0xFF,0xFF,0xA7,0x11,0x00,0x00,0x00,0x00,0x00,0x00,0x72,
    0xFD,0xF8,0x90,0x30,0x00,0x00,0x00,0x00,0x05,0x4B,0xBE,0xFF,0xE0,0x17,0x00,0x00,
    0x00,0x00,0x61,0xFF,0xDE,0x32,0x00,0x00,0x00,0x00,0x00,0x00,0x00,0x00,0x01,0x75,
    0xFF,0xC3,0x04,0x00,0x00,0x24,0xF7,0xE9,0x17,0x00,0x00,0x37,0xAE,0xE7,0xF7,0xDE,
    0xBC,0x73,0x00,0x00,0x95,0xFF,0x64,0x00,0x00,0x9F,0xFF,0x4B,0x00,0x00,0x58,0xFA,
    0xFF,0xDD,0xC6,0xE0,0xFF,0xE9,0x00,0x00,0x16,0xF8,0xC7,0x00,0x0C,0xFA,0xD3,0x00,
    0x00,0x1C,0xF3,0xF5,0x4B,0x00,0x00,0x00,0xF3,0xDC,0x00,0x00,0x00,0xB5,0xFC,0x08,
    0x4B,0xFF,0x78,0x00,0x00,0x7D,0xFF,0x7E,0x00,0x00,0x00,0x01,0xFE,0xCF,0x00,0x00,
    0x00,0x94,0xFF,0x24,0x79,0xFF,0x49,0x00,0x00,0xB6,0xFF,0x2C,0x00,0x00,0x00,0x0C,
    0xFF,0xC3,0x00,0x00,0x00,0x86,0xFF,0x27,0x8F,0xFF,0x2E,0x00,0x00,0xC8,0xFF,0x16,
    0x00,0x00,0x00,0x2C,0xFF,0xB6,0x00,0x00,0x00,0xA2,0xFF,0x0A,0x97,0xFF,0x28,0x00,
    0x00,0xAD,0xFF,0x31,0x00,0x00,0x00,0x6A,0xFF,0xB7,0x00,0x00,0x02,0xE3,0xDF,0x00,
    0x85,0xFF,0x3D,0x00,0x00,0x74,0xFF,0xA7,0x04,0x00,0x1F,0xE0,0xEC,0xE6,0x0B,0x00,
    0x77,0xFF,0x82,0x00,0x5C,0xFF,0x75,0x00,0x00,0x0C,0xE7,0xFF,0xE7,0xCE,0xF8,0xD8,
    0x3E,0xFE,0xE7,0xD3,0xFF,0xD8,0x0D,0x00,0x18,0xFD,0xD1,0x01,0x00,0x00,0x28,0xB6,
    0xF4,0xEE,0xA8,0x19,0x00,0x6C,0xE8,0xF0,0xA8,0x17,0x00,0x00,0x00,0xA9,0xFF,0x6A,
    0x00,0x00,0x00,0x00,0x00,0x00,0x00,0x00,0x00,0x00,0x00,0x00,0x00,0x00,0x00,0x00,
    0x00,0x16,0xE4,0xFA,0x67,0x00,0x00,0x00,0x00,0x00,0x00,0x00,0x00,0x00,0x00,0x00,
    0x00,0x00,0x00,0x00,0x00,0x00,0x36,0xE7,0xFF,0xCB,0x67,0x2A,0x0E,0x03,0x0F,0x2F,
    0x60,0xA4,0x7B,0x00,0x00,0x00,0x00,0x00,0x00,0x00,0x00,0x14,0xA8,0xFD,0xFF,0xFF,
    0xFF,0xFF,0xFF,0xFF,0xFF,0xF9,0x6D,0x00,0x00,0x00,0x00,0x00,0x00,0x00,0x00,0x00,
    0x00,0x1F,0x6A,0x9B,0xB5,0xBD,0xB2,0x93,0x5C,0x0F,0x00,0x00,0x00,0x00,0x00,0x00,
    0x00,0x00,0x00,0x00,0x00,0x00,0x7F,0xFF,0xD5,0x00,0x00,0x00,0x00,0x00,0x00,0x00,
    0x00,0x00,0x00,0x00,0x00,0x02,0xE0,0xFF,0xFF,0x3A,0x00,0x00,0x00,0x00,0x00,0x00,
    0x00,0x00,0x00,0x00,0x00,0x48,0xFF,0xD9,0xFF,0x9E,0x00,0x00,0x00,0x00,0x00,0x00,
    0x00,0x00,0x00,0x00,0x00,0xAD,0xFF,0x55,0xF6,0xF5,0x0E,0x00,0x00,0x00,0x00,0x00,
    0x00,0x00,0x00,0x00,0x17,0xFA,0xF5,0x0A,0xAC,0xFF,0x67,0x00,0x00,0x00,0x00,0x00,
    0x00,0x00,0x00,0x00,0x77,0xFF,0xA3,0x00,0x4E,0xFF,0xCC,0x00,0x00,0x00,0x00,0x00,
    0x00,0x00,0x00,0x01,0xDB,0xFF,0x42,0x00,0x04,0xE9,0xFF,0x30,0x00,0x00,0x00,0x00,
    0x00,0x00,0x00,0x41,0xFF,0xE0,0x01,0x00,0x00,0x8F,0xFF,0x95,0x00,0x00,0x00,0x00,
    0x00,0x00,0x00,0xA6,0xFF,0x80,0x00,0x00,0x00,0x2F,0xFF,0xEF,0x09,0x00,0x00,0x00,
    0x00,0x00,0x12,0xF8,0xFE,0x21,0x00,0x00,0x00,0x00,0xD0,0xFF,0x5E,0x00,0x00,0x00,
    0x00,0x00,0x70,0xFF,0xFF,0xFF,0xFF,0xFF,0xFF,0xFF,0xFF,0xFF,0xC2,0x00,0x00,0x00,
    0x00,0x00,0xD4,0xFF,0xEC,0xE8,0xE8,0xE8,0xE8,0xE8,0xE8,0xFF,0xFF,0x27,0x00,0x00,
    0x00,0x3A,0xFF,0xF0,0x0A,0x00,0x00,0x00,0x00,0x00,0x00,0xBF,0xFF,0x8B,0x00,0x00,
    0x00,0x9F,0xFF,0x95,0x00,0x00,0x00,0x00,0x00,0x00,0x00,0x57,0xFF,0xEA,0x05,0x00,
    0x0E,0xF5,0xFF,0x2F,0x00,0x00,0x00,0x00,0x00,0x00,0x00,0x05,0xE9,0xFF,0x54,0x00,
    0x69,0xFF,0xC9,0x00,0x00,0x00,0x00,0x00,0x00,0x00,0x00,0x00,0x88,0xFF,0xB9,0x00,
    0xCE,0xFF,0x63,0x00,0x00,0x00,0x00,0x00,0x00,0x00,0x00,0x00,0x21,0xFE,0xFD,0x1F,
    0xAC,0xFF,0xFF,0xFF,0xFF,0xFC,0xF1,0xD5,0xA2,0x4D,0x01,0x00,0x00,0xAC,0xFF,0xDF,
    0xC0,0xC0,0xC2,0xD1,0xF6,0xFF,0xFF,0xB2,0x03,0x00,0xAC,0xFF,0x7C,0x00,0x00,0x00,
    0x00,0x07,0x74,0xFF,0xFF,0x64,0x00,0xAC,0xFF,0x7C,0x00,0x00,0x00,0x00,0x00,0x00,
    0xB3,0xFF,0xA8,0x00,0xAC,0xFF,0x7C,0x00,0x00,0x00,0x00,0x00,0x00,0x8B,0xFF,0xAF,
    0x00,0xAC,0xFF,0x7C,0x00,0x00,0x00,0x00,0x00,0x00,0xB6,0xFF,0x81,0x00,0xAC,0xFF,
    0x7C,0x00,0x00,0x00,0x00,0x02,0x65,0xFF,0xEA,0x14,0x00,0xAC,0xFF,0xDF,0xC0,0xC0,
    0xC0,0xCA,0xEE,0xF4,0xA8,0x1E,0x00,0x00,0xAC,0xFF,0xFF,0xFF,0xFF,0xFF,0xFF,0xFF,
    0xE5,0x99,0x2C,0x00,0x00,0xAC,0xFF,0x7C,0x00,0x00,0x00,0x09,0x2A,0x80,0xFA,0xFA,
    0x58,0x00,0xAC,0xFF,0x7C,0x00,0x00,0x00,0x00,0x00,0x00,0x75,0xFF,0xEF,0x09,0xAC,
    0xFF,0x7C,0x00,0x00,0x00,0x00,0x00,0x00,0x19,0xFF,0xFF,0x39,0xAC,0xFF,0x7C,0x00,
    0x00,0x00,0x00,0x00,0x00,0x15,0xFF,0xFF,0x43,0xAC,0xFF,0x7C,0x00,0x00,0x00,0x00,
    0x00,0x00,0x5C,0xFF,0xFF,0x1D,0xAC,0xFF,0x7C,0x00,0x00,0x00,0x00,0x00,0x40,0xEA,
    0xFF,0xB9,0x00,0xAC,0xFF,0xDF,0xC0,0xC0,0xC0,0xC7,0xE6,0xFF,0xFF,0xD5,0x1A,0x00,
    0xAC,0xFF,0xFF,0xFF,0xFF,0xFF,0xFD,0xEC,0xC0,0x6C,0x07,0x00,0x00,0x00,0x00,0x00,
    0x00,0x00,0x00,0x00,0x18,0x7D,0xC4,0xEC,0xFB,0xED,0xD5,0xAD,0x5E,0x0F,0x00,0x00,
    0x00,0x5D,0xF6,0xFF,0xFF,0xDD,0xC6,0xD1,0xFA,0xFF,0xFF,0x2B,0x00,0x00,0x79,0xFF,
    0xFF,0x9A,0x1F,0x00,0x00,0x00,0x0B,0x66,0x93,0x00,0x00,0x37,0xFC,0xFF,0x6E,0x00,
    0x00,0x00,0x00,0x00,0x00,0x00,0x00,0x00,0x00,0xBE,0xFF,0xB2,0x00,0x00,0x00,0x00,
    0x00,0x00,0x00,0x00,0x00,0x00,0x18,0xFD,0xFF,0x3C,0x00,0x00,0x00,0x00,0x00,0x00,
    0x00,0x00,0x00,0x00,0x55,0xFF,0xF3,0x03,0x00,0x00,0x00,0x00,0x00,0x00,0x00,0x00,
    0x00,0x00,0x6F,0xFF,0xD0,0x00,0x00,0x00,0x00,0x00,0x00,0x00,0x00,0x00,0x00,0x00,
    0x82,0xFF,0xC3,0x00,0x00,0x00,0x00,0x00,0x00,0x00,0x00,0x00,0x00,0x00,0x71,0xFF,
    0xCF,0x00,0x00,0x00,0x00,0x00,0x00,0x00,0x00,0x00,0x00,0x00,0x59,0xFF,0xF1,0x01,
    0x00,0x00,0x00,0x00,0x00,0x00,0x00,0x00,0x00,0x00,0x21,0xFF,0xFF,0x34,0x00,0x00,
    0x00,0x00,0x00,0x00,0x00,0x00,0x00,0x00,0x00,0xD0,0xFF,0xA2,0x00,0x00,0x00,0x00,
    0x00,0x00,0x00,0x00,0x00,0x00,0x00,0x56,0xFF,0xFF,0x53,0x00,0x00,0x00,0x00,0x00,
    0x00,0x00,0x00,0x00,0x00,0x00,0xAB,0xFF,0xFB,0x84,0x16,0x00,0x00,0x00,0x00,0x18,
    0x39,0x00,0x00,0x00,0x04,0x95,0xFF,0xFF,0xFE,0xD9,0xC5,0xD1,0xE7,0xFF,0xC0,0x00,
    0x00,0x00,0x00,0x00,0x3A,0x9B,0xD7,0xF5,0xFE,0xF7,0xE1,0xAE,0x59,0x00,0x00,0x00,
    0xAC,0xFF,0xFF,0xFF,0xFF,0xFE,0xE9,0xCF,0x97,0x3E,0x01,0x00,0x00,0x00,0x00,0xAC,
    0xFF,0xDF,0xC0,0xC0,0xC4,0xD6,0xFB,0xFF,0xFF,0xBE,0x1D,0x00,0x00,0x00,0xAC,0xFF,
    0x7C,0x00,0x00,0x00,0x00,0x0B,0x5D,0xDE,0xFF,0xEB,0x1E,0x00,0x00,0xAC,0xFF,0x7C,
    0x00,0x00,0x00,0x00,0x00,0x00,0x0F,0xC8,0xFF,0xC9,0x04,0x00,0xAC,0xFF,0x7C,0x00,
    0x00,0x00,0x00,0x00,0x00,0x00,0x1D,0xF9,0xFF,0x59,0x00,0xAC,0xFF,0x7C,0x00,0x00,
    0x00,0x00,0x00,0x00,0x00,0x00,0xA5,0xFF,0xB2,0x00,0xAC,0xFF,0x7C,0x00,0x00,0x00,
    0x00,0x00,0x00,0x00,0x00,0x66,0xFF,0xE8,0x00,0xAC,0xFF,0x7C,0x00,0x00,0x00,0x00,
    0x00,0x00,0x00,0x00,0x48,0xFF,0xFF,0x04,0xAC,0xFF,0x7C,0x00,0x00,0x00,0x00,0x00,
    0x00,0x00,0x00,0x3C,0xFF,0xFF,0x0A,0xAC,0xFF,0x7C,0x00,0x00,0x00,0x00,0x00,0x00,
    0x00,0x00,0x4B,0xFF,0xF9,0x00,0xAC,0xFF,0x7C,0x00,0x00,0x00,0x00,0x00,0x00,0x00,
    0x00,0x71,0xFF,0xDD,0x00,0xAC,0xFF,0x7C,0x00,0x00,0x00,0x00,0x00,0x00,0x00,0x00,
    0xB8,0xFF,0x9F,0x00,0xAC,0xFF,0x7C,0x00,0x00,0x00,0x00,0x00,0x00,0x00,0x32,0xFE,
    0xFF,0x45,0x00,0xAC,0xFF,0x7C,0x00,0x00,0x00,0x00,0x00,0x00,0x1F,0xDD,0xFF,0xBF,
    0x00,0x00,0xAC,0xFF,0x7C,0x00,0x00,0x00,0x00,0x18,0x76,0xED,0xFF,0xDE,0x16,0x00,
    0x00,0xAC,0xFF,0xDF,0xC0,0xC0,0xCB,0xE2,0xFF,0xFF,0xFF,0xAE,0x13,0x00,0x00,0x00,
    0xAC,0xFF,0xFF,0xFF,0xFF,0xF9,0xE8,0xC6,0x8A,0x2D,0x00,0x00,0x00,0x00,0x00,0x00,
    0xAC,0xFF,0xFF,0xFF,0xFF,0xFF,0xFF,0xFF,0xFF,0xE8,0xAC,0xFF,0xDF,0xC0,0xC0,0xC0,
    0xC0,0xC0,0xC0,0xAE,0xAC,0xFF,0x7C,0x00,0x00,0x00,0x00,0x00,0x00,0x00,0xAC,0xFF,
    0x7C,0x00,0x00,0x00,0x00,0x00,0x00,0x00,0xAC,0xFF,0x7C,0x00,0x00,0x00,0x00,0x00,
    0x00,0x00,0xAC,0xFF,0x7C,0x00,0x00,0x00,0x00,0x00,0x00,0x00,0xAC,0xFF,0x7C,0x00,
    0x00,0x00,0x00,0x00,0x00,0x00,0xAC,0xFF,0xDF,0xC0,0xC0,0xC0,0xC0,0xC0,0xC0,0x5A,
    0xAC,0xFF,0xFF,0xFF,0xFF,0xFF,0xFF,0xFF,0xFF,0x78,0xAC,0xFF,0x7C,0x00,0x00,0x00,
    0x00,0x00,0x00,0x00,0xAC,0xFF,0x7C,0x00,0x00,0x00,0x00,0x00,0x00,0x00,0xAC,0xFF,
    0x7C,0x00,0x00,0x00,0x00,0x00,0x00,0x00,0xAC,0xFF,0x7C,0x00,0x00,0x00,0x00,0x00,
    0x00,0x00,0xAC,0xFF,0x7C,0x00,0x00,0x00,0x00,0x00,0x00,0x00,0xAC,0xFF,0x7C,0x00,
    0x00,0x00,0x00,0x00,0x00,0x00,0xAC,0xFF,0xDF,0xC0,0xC0,0xC0,0xC0,0xC0,0xC0,0xAE,
    0xAC,0xFF,0xFF,0xFF,0xFF,0xFF,0xFF,0xFF,0xFF,0xE8,0x00,0x00,0xAC,0xFF,0xFF,0xFF,
    0xFF,0xFF,0xFF,0xFF,0xFF,0xE8,0xAC,0xFF,0xDF,0xC0,0xC0,0xC0,0xC0,0xC0,0xC0,0xAE,
    0xAC,0xFF,0x7C,0x00,0x00,0x00,0x00,0x00,0x00,0x00,0xAC,0xFF,0x7C,0x00,0x00,0x00,
    0x00,0x00,0x00,0x00,0xAC,0xFF,0x7C,0x00,0x00,0x00,0x00,0x00,0x00,0x00,0xAC,0xFF,
    0x7C,0x00,0x00,0x00,0x00,0x00,0x00,0x00,0xAC,0xFF,0x7C,0x00,0x00,0x00,0x00,0x00,
    0x00,0x00,0xAC,0xFF,0x7C,0x00,0x00,0x00,0x00,0x00,0x00,0x00,0xAC,0xFF,0xFF,0xFF,
    0xFF,0xFF,0xFF,0xFF,0xFF,0x74,0xAC,0xFF,0xDF,0xC0,0xC0,0xC0,0xC0,0xC0,0xC0,0x57,
    0xAC,0xFF,0x7C,0x00,0x00,0x00,0x00,0x00,0x00,0x00,0xAC,0xFF,0x7C,0x00,0x00,0x00,
    0x00,0x00,0x00,0x00,0xAC,0xFF,0x7C,0x00,0x00,0x00,0x00,0x00,0x00,0x00,0xAC,0xFF,
    0x7C,0x00,0x00,0x00,0x00,0x00,0x00,0x00,0xAC,0xFF,0x7C,0x00,0x00,0x00,0x00,0x00,
    0x00,0x00,0xAC,0xFF,0x7C,0x00,0x00,0x00,0x00,0x00,0x00,0x00,0xAC,0xFF,0x7C,0x00,
    0x00,0x00,0x00,0x00,0x00,0x00,0x00,0x00,0x00,0x00,0x00,0x00,0x06,0x5A,0xA9,0xDA,
    0xF5,0xF9,0xE4,0xCD,0xA0,0x58,0x0F,0x00,0x00,0x00,0x36,0xDC,0xFF,0xFF,0xEE,0xCF,
    0xC5,0xDB,0xFE,0xFF,0xFF,0x32,0x00,0x00,0x56,0xFB,0xFF,0xBA,0x3B,0x02,0x00,0x00,
    0x00,0x10,0x5E,0x89,0x00,0x00,0x28,0xF3,0xFF,0x8C,0x01,0x00,0x00,0x00,0x00,0x00,
    0x00,0x00,0x00,0x00,0x00,0xB8,0xFF,0xBE,0x01,0x00,0x00,0x00,0x00,0x00,0x00,0x00,
    0x00,0x00,0x00,0x1A,0xFE,0xFF,0x40,0x00,0x00,0x00,0x00,0x00,0x00,0x00,0x00,0x00,
    0x00,0x00,0x57,0xFF,0xF0,0x02,0x00,0x00,0x00,0x00,0x00,0x00,0x00,0x00,0x00,0x00,
    0x00,0x7A,0xFF,0xC9,0x00,0x00,0x00,0x00,0x00,0x00,0x00,0x00,0x00,0x00,0x00,0x00,
    0x83,0xFF,0xBC,0x00,0x00,0x00,0x00,0x00,0x3C,0xFF,0xFF,0xFF,0xFF,0xFF,0xB4,0x70,
    0xFF,0xCE,0x00,0x00,0x00,0x00,0x00,0x2D,0xC0,0xC0,0xC0,0xDE,0xFF,0xB4,0x57,0xFF,
    0xED,0x02,0x00,0x00,0x00,0x00,0x00,0x00,0x00,0x00,0x78,0xFF,0xB4,0x1D,0xFE,0xFF,
    0x38,0x00,0x00,0x00,0x00,0x00,0x00,0x00,0x00,0x78,0xFF,0xB4,0x00,0xC6,0xFF,0xAD,
    0x00,0x00,0x00,0x00,0x00,0x00,0x00,0x00,0x78,0xFF,0xB4,0x00,0x45,0xFE,0xFF,0x6A,
    0x00,0x00,0x00,0x00,0x00,0x00,0x00,0x78,0xFF,0xB4,0x00,0x00,0x8D,0xFF,0xFF,0x9E,
    0x30,0x00,0x00,0x00,0x00,0x02,0x87,0xFF,0xB4,0x00,0x00,0x00,0x6F,0xFA,0xFF,0xFF,
    0xEB,0xD1,0xC2,0xD0,0xF3,0xFF,0xFF,0xB4,0x00,0x00,0x00,0x00,0x21,0x86,0xC9,0xEF,
    0xFC,0xFA,0xEF,0xD8,0xAD,0x74,0x2F,0x00,0xAC,0xFF,0x7C,0x00,0x00,0x00,0x00,0x00,
    0x00,0x00,0x00,0xBC,0xFF,0x70,0xAC,0xFF,0x7C,0x00,0x00,0x00,0x00,0x00,0x00,0x00,
    0x00,0xBC,0xFF,0x70,0xAC,0xFF,0x7C,0x00,0x00,0x00,0x00,0x00,0x00,0x00,0x00,0xBC,
    0xFF,0x70,0xAC,0xFF,0x7C,0x00,0x00,0x00,0x00,0x00,0x00,0x00,0x00,0xBC,0xFF,0x70,
    0xAC,0xFF,0x7C,0x00,0x00,0x00,0x00,0x00,0x00,0x00,0x00,0xBC,0xFF,0x70,0xAC,0xFF,
    0x7C,0x00,0x00,0x00,0x00,0x00,0x00,0x00,0x00,0xBC,0xFF,0x70,0xAC,0xFF,0x7C,0x00,
    0x00,0x00,0x00,0x00,0x00,0x00,0x00,0xBC,0xFF,0x70,0xAC,0xFF,0xDF,0xC0,0xC0,0xC0,
    0xC0,0xC0,0xC0,0xC0,0xC0,0xEF,0xFF,0x70,0xAC,0xFF,0xFF,0xFF,0xFF,0xFF,0xFF,0xFF,
    0xFF,0xFF,0xFF,0xFF,0xFF,0x70,0xAC,0xFF,0x7C,0x00,0x00,0x00,0x00,0x00,0x00,0x00,
    0x00,0xBC,0xFF,0x70,0xAC,0xFF,0x7C,0x00,0x00,0x00,0x00,0x00,0x00,0x00,0x00,0xBC,
    0xFF,0x70,0xAC,0xFF,0x7C,0x00,0x00,0x00,0x00,0x00,0x00,0x00,0x00,0xBC,0xFF,0x70,
    0xAC,0xFF,0x7C,0x00,0x00,0x00,0x00,0x00,0x00,0x00,0x00,0xBC,0xFF,0x70,0xAC,0xFF,
    0x7C,0x00,0x00,0x00,0x00,0x00,0x00,0x00,0x00,0xBC,0xFF,0x70,0xAC,0xFF,0x7C,0x00,
    0x00,0x00,0x00,0x00,0x00,0x00,0x00,0xBC,0xFF,0x70,0xAC,0xFF,0x7C,0x00,0x00,0x00,
    0x00,0x00,0x00,0x00,0x00,0xBC,0xFF,0x70,0xAC,0xFF,0x7C,0x00,0x00,0x00,0x00,0x00,
    0x00,0x00,0x00,0xBC,0xFF,0x70,0x00,0x00,0x0C,0xFF,0xFF,0xFF,0xFF,0xFF,0xFF,0x28,
    0x05,0x99,0xD4,0xFF,0xFF,0xDC,0x9F,0x13,0x00,0x00,0x08,0xFF,0xFF,0x24,0x00,0x00,
    0x00,0x00,0x08,0xFF,0xFF,0x24,0x00,0x00,0x00,0x00,0x08,0xFF,0xFF,0x24,0x00,0x00,
    0x00,0x00,0x08,0xFF,0xFF,0x24,0x00,0x00,0x00,0x00,0x08,0xFF,0xFF,0x24,0x00,0x00,
    0x00,0x00,0x08,0xFF,0xFF,0x24,0x00,0x00,0x00,0x00,0x08,0xFF,0xFF,0x24,0x00,0x00,
    0x00,0x00,0x08,0xFF,0xFF,0x24,0x00,0x00,0x00,0x00,0x08,0xFF,0xFF,0x24,0x00,0x00,
    0x00,0x00,0x08,0xFF,0xFF,0x24,0x00,0x00,0x00,0x00,0x08,0xFF,0xFF,0x24,0x00,0x00,
    0x00,0x00,0x08,0xFF,0xFF,0x24,0x00,0x00,0x00,0x00,0x08,0xFF,0xFF,0x24,0x00,0x00,
    0x02,0x5A,0x94,0xFF,0xFF,0xA3,0x60,0x0A,0x0C,0xFF,0xFF,0xFF,0xFF,0xFF,0xFF,0x28,
    0x00,0x00,0x00,0x00,0xCC,0xFF,0x60,0x00,0x00,0x00,0x00,0xCC,0xFF,0x60,0x00,0x00,
    0x00,0x00,0xCC,0xFF,0x60,0x00,0x00,0x00,0x00,0xCC,0xFF,0x60,0x00,0x00,0x00,0x00,
    0xCC,0xFF,0x60,0x00,0x00,0x00,0x00,0xCC,0xFF,0x60,0x00,0x00,0x00,0x00,0xCC,0xFF,
    0x60,0x00,0x00,0x00,0x00,0xCC,0xFF,0x60,0x00,0x00,0x00,0x00,0xCC,0xFF,0x60,0x00,
    0x00,0x00,0x00,0xCC,0xFF,0x60,0x00,0x00,0x00,0x00,0xCC,0xFF,0x60,0x00,0x00,0x00,
    0x00,0xCC,0xFF,0x60,0x00,0x00,0x00,0x00,0xCC,0xFF,0x60,0x00,0x00,0x00,0x00,0xCC,
    0xFF,0x60,0x00,0x00,0x00,0x00,0xCC,0xFF,0x60,0x00,0x00,0x00,0x00,0xCC,0xFF,0x60,
    0x00,0x00,0x00,0x00,0xCC,0xFF,0x5F,0x00,0x00,0x00,0x00,0xD3,0xFF,0x55,0x00,0x00,
    0x00,0x0A,0xF4,0xFF,0x32,0x1C,0x05,0x21,0xA5,0xFF,0xDA,0x02,0xE0,0xFF,0xFF,0xFF,
    0xF0,0x38,0x00,0x86,0xB9,0xB4,0x81,0x1B,0x00,0x00,0x00,0x00,0xAC,0xFF,0x7C,0x00,
    0x00,0x00,0x00,0x00,0x00,0x5E,0xFF,0xF2,0x31,0xAC,0xFF,0x7C,0x00,0x00,0x00,0x00,
    0x00,0x46,0xFA,0xF9,0x44,0x00,0xAC,0xFF,0x7C,0x00,0x00,0x00,0x00,0x31,0xF3,0xFE,
    0x59,0x00,0x00,0xAC,0xFF,0x7C,0x00,0x00,0x00,0x20,0xE7,0xFF,0x71,0x00,0x00,0x00,
    0xAC,0xFF,0x7C,0x00,0x00,0x13,0xD8,0xFF,0x8A,0x00,0x00,0x00,0x00,0xAC,0xFF,0x7C,
    0x00,0x0A,0xC7,0xFF,0xA2,0x01,0x00,0x00,0x00,0x00,0xAC,0xFF,0x7C,0x04,0xB4,0xFF,
    0xB8,0x05,0x00,0x00,0x00,0x00,0x00,0xAC,0xFF,0x7C,0x9E,0xFF,0xF3,0x0F,0x00,0x00,
    0x00,0x00,0x00,0x00,0xAC,0xFF,0xE3,0xFF,0xFF,0xFF,0x81,0x00,0x00,0x00,0x00,0x00,
    0x00,0xAC,0xFF,0xFF,0x9F,0x65,0xFF,0xFD,0x43,0x00,0x00,0x00,0x00,0x00,0xAC,0xFF,
    0xA2,0x00,0x00,0x9E,0xFF,0xE8,0x18,0x00,0x00,0x00,0x00,0xAC,0xFF,0x7C,0x00,0x00,
    0x09,0xD2,0xFF,0xBD,0x02,0x00,0x00,0x00,0xAC,0xFF,0x7C,0x00,0x00,0x00,0x26,0xF2,
    0xFF,0x7E,0x00,0x00,0x00,0xAC,0xFF,0x7C,0x00,0x00,0x00,0x00,0x58,0xFF,0xFD,0x41,
    0x00,0x00,0xAC,0xFF,0x7C,0x00,0x00,0x00,0x00,0x00,0x96,0xFF,0xE6,0x16,0x00,0xAC,
    0xFF,0x7C,0x00,0x00,0x00,0x00,0x00,0x07,0xCC,0xFF,0xBA,0x02,0xAC,0xFF,0x7C,0x00,
    0x00,0x00,0x00,0x00,0x00,0x21,0xEF,0xFF,0x7C,0x00,0x00,0x00,0xAC,0xFF,0x7C,0x00,
    0x00,0x00,0x00,0x00,0x00,0x00,0xAC,0xFF,0x7C,0x00,0x00,0x00,0x00,0x00,0x00,0x00,
    0xAC,0xFF,0x7C,0x00,0x00,0x00,0x00,0x00,0x00,0x00,0xAC,0xFF,0x7C,0x00,0x00,0x00,
    0x00,0x00,0x00,0x00,0xAC,0xFF,0x7C,0x00,0x00,0x00,0x00,0x00,0x00,0x00,0xAC,0xFF,
    0x7C,0x00,0x00,0x00,0x00,0x00,0x00,0x00,0xAC,0xFF,0x7C,0x00,0x00,0x00,0x00,0x00,
    0x00,0x00,0xAC,0xFF,0x7C,0x00,0x00,0x00,0x00,0x00,0x00,0x00,0xAC,0xFF,0x7C,0x00,
    0x00,0x00,0x00,0x00,0x00,0x00,0xAC,0xFF,0x7C,0x00,0x00,0x00,0x00,0x00,0x00,0x00,
    0xAC,0xFF,0x7C,0x00,0x00,0x00,0x00,0x00,0x00,0x00,0xAC,0xFF,0x7C,0x00,0x00,0x00,
    0x00,0x00,0x00,0x00,0xAC,0xFF,0x7C,0x00,0x00,0x00,0x00,0x00,0x00,0x00,0xAC,0xFF,
    0x7C,0x00,0x00,0x00,0x00,0x00,0x00,0x00,0xAC,0xFF,0x7C,0x00,0x00,0x00,0x00,0x00,
    0x00,0x00,0xAC,0xFF,0xF5,0xEC,0xEC,0xEC,0xEC,0xEC,0xEC,0xE4,0xAC,0xFF,0xFF,0xFF,
    0xFF,0xFF,0xFF,0xFF,0xFF,0xF8,0x00,0x00,0xAC,0xFF,0xFF,0xB3,0x00,0x00,0x00,0x00,
    0x00,0x00,0x00,0x00,0x00,0x04,0xE8,0xFF,0xFF,0x70,0xAC,0xFF,0xFF,0xFC,0x18,0x00,
    0x00,0x00,0x00,0x00,0x00,0x00,0x00,0x50,0xFF,0xFF,0xFF,0x70,0xAC,0xFF,0xDB,0xFF,
    0x75,0x00,0x00,0x00,0x00,0x00,0x00,0x00,0x00,0xB3,0xFF,0xDC,0xFF,0x70,0xAC,0xFF,
    0x84,0xFF,0xD6,0x00,0x00,0x00,0x00,0x00,0x00,0x00,0x19,0xFB,0xE6,0x9D,0xFF,0x70,
    0xAC,0xFF,0x47,0xE4,0xFF,0x37,0x00,0x00,0x00,0x00,0x00,0x00,0x78,0xFF,0x87,0xA5,
    0xFF,0x70,0xAC,0xFF,0x49,0x86,0xFF,0x97,0x00,0x00,0x00,0x00,0x00,0x00,0xD9,0xFE,
    0x24,0xAC,0xFF,0x70,0xAC,0xFF,0x4E,0x24,0xFF,0xEF,0x08,0x00,0x00,0x00,0x00,0x3D,
    0xFF,0xBF,0x00,0xB2,0xFF,0x70,0xAC,0xFF,0x50,0x00,0xC1,0xFF,0x59,0x00,0x00,0x00,
    0x00,0x9F,0xFF,0x5B,0x00,0xB4,0xFF,0x70,0xAC,0xFF,0x50,0x00,0x5F,0xFF,0xBA,0x00,
    0x00,0x00,0x0D,0xF4,0xEF,0x08,0x00,0xB4,0xFF,0x70,0xAC,0xFF,0x50,0x00,0x0A,0xF2,
    0xFD,0x1D,0x00,0x00,0x64,0xFF,0x94,0x00,0x00,0xB4,0xFF,0x70,0xAC,0xFF,0x50,0x00,
    0x00,0x9B,0xFF,0x7B,0x00,0x00,0xC7,0xFF,0x30,0x00,0x00,0xB4,0xFF,0x70,0xAC,0xFF,
    0x50,0x00,0x00,0x39,0xFF,0xDB,0x00,0x29,0xFF,0xCC,0x00,0x00,0x00,0xB4,0xFF,0x70,
    0xAC,0xFF,0x50,0x00,0x00,0x00,0xD5,0xFF,0x3D,0x8C,0xFF,0x68,0x00,0x00,0x00,0xB4,
    0xFF,0x70,0xAC,0xFF,0x50,0x00,0x00,0x00,0x74,0xFF,0xA4,0xE8,0xF5,0x0F,0x00,0x00,
    0x00,0xB4,0xFF,0x70,0xAC,0xFF,0x50,0x00,0x00,0x00,0x16,0xFB,0xFF,0xFF,0xA1,0x00,
    0x00,0x00,0x00,0xB4,0xFF,0x70,0xAC,0xFF,0x50,0x00,0x00,0x00,0x00,0xB0,0xFF,0xFF,
    0x3D,0x00,0x00,0x00,0x00,0xB4,0xFF,0x70,0xAC,0xFF,0x50,0x00,0x00,0x00,0x00,0x4D,
    0xFF,0xD9,0x00,0x00,0x00,0x00,0x00,0xB4,0xFF,0x70,0x00,0x00,0xAC,0xFF,0xF9,0x2B,
    0x00,0x00,0x00,0x00,0x00,0x00,0x00,0x1C,0xFF,0xE8,0xAC,0xFF,0xFF,0xC8,0x02,0x00,
    0x00,0x00,0x00,0x00,0x00,0x1C,0xFF,0xE8,0xAC,0xFF,0xFF,0xFF,0x6F,0x00,0x00,0x00,
    0x00,0x00,0x00,0x1C,0xFF,0xE8,0xAC,0xFF,0xA7,0xFF,0xF4,0x20,0x00,0x00,0x00,0x00,
    0x00,0x1C,0xFF,0xE8,0xAC,0xFF,0x39,0xD2,0xFF,0xB9,0x00,0x00,0x00,0x00,0x00,0x1C,
    0xFF,0xE8,0xAC,0xFF,0x3E,0x33,0xFC,0xFF,0x5E,0x00,0x00,0x00,0x00,0x1C,0xFF,0xE8,
    0xAC,0xFF,0x46,0x00,0x87,0xFF,0xED,0x16,0x00,0x00,0x00,0x1C,0xFF,0xE8,0xAC,0xFF,
    0x4E,0x00,0x07,0xD6,0xFF,0xA8,0x00,0x00,0x00,0x1C,0xFF,0xE8,0xAC,0xFF,0x50,0x00,
    0x00,0x38,0xFD,0xFF,0x4D,0x00,0x00,0x1C,0xFF,0xE8,0xAC,0xFF,0x50,0x00,0x00,0x00,
    0x8D,0xFF,0xE4,0x0E,0x00,0x1B,0xFF,0xE8,0xAC,0xFF,0x50,0x00,0x00,0x00,0x09,0xDA,
    0xFF,0x97,0x00,0x18,0xFF,0xE8,0xAC,0xFF,0x50,0x00,0x00,0x00,0x00,0x3D,0xFE,0xFE,
    0x3E,0x12,0xFF,0xE8,0xAC,0xFF,0x50,0x00,0x00,0x00,0x00,0x00,0x93,0xFF,0xD9,0x0F,
    0xFF,0xE8,0xAC,0xFF,0x50,0x00,0x00,0x00,0x00,0x00,0x0B,0xDE,0xFF,0x86,0xF9,0xE8,
    0xAC,0xFF,0x50,0x00,0x00,0x00,0x00,0x00,0x00,0x42,0xFF,0xFB,0xFD,0xE8,0xAC,0xFF,
    0x50,0x00,0x00,0x00,0x00,0x00,0x00,0x00,0x99,0xFF,0xFF,0xE8,0xAC,0xFF,0x50,0x00,
    0x00,0x00,0x00,0x00,0x00,0x00,0x0E,0xE2,0xFF,0xE8,0x00,0x00,0x00,0x00,0x00,0x00,
    0x35,0x97,0xD3,0xF3,0xFC,0xEE,0xC6,0x7D,0x16,0x00,0x00,0x00,0x00,0x00,0x00,0x03,
    0x8F,0xFF,0xFF,0xF9,0xD3,0xC5,0xD9,0xFE,0xFF,0xF2,0x4E,0x00,0x00,0x00,0x00,0x00,
    0xA8,0xFF,0xF1,0x6A,0x0B,0x00,0x00,0x00,0x16,0x8A,0xFE,0xFE,0x5B,0x00,0x00,0x00,
    0x55,0xFF,0xFA,0x37,0x00,0x00,0x00,0x00,0x00,0x00,0x00,0x6E,0xFF,0xEF,0x19,0x00,
    0x00,0xD1,0xFF,0x8D,0x00,0x00,0x00,0x00,0x00,0x00,0x00,0x00,0x01,0xCB,0xFF,0x88,
    0x00,0x21,0xFF,0xFF,0x29,0x00,0x00,0x00,0x00,0x00,0x00,0x00,0x00,0x00,0x69,0xFF,
    0xDC,0x00,0x5A,0xFF,0xED,0x00,0x00,0x00,0x00,0x00,0x00,0x00,0x00,0x00,0x00,0x2E,
    0xFF,0xFF,0x17,0x72,0xFF,0xCD,0x00,0x00,0x00,0x00,0x00,0x00,0x00,0x00,0x00,0x00,
    0x0F,0xFF,0xFF,0x30,0x82,0xFF,0xC3,0x00,0x00,0x00,0x00,0x00,0x00,0x00,0x00,0x00,
    0x00,0x04,0xFF,0xFF,0x41,0x70,0xFF,0xCE,0x00,0x00,0x00,0x00,0x00,0x00,0x00,0x00,
    0x00,0x00,0x0F,0xFF,0xFF,0x2F,0x59,0xFF,0xEE,0x00,0x00,0x00,0x00,0x00,0x00,0x00,
    0x00,0x00,0x00,0x30,0xFF,0xFF,0x16,0x1F,0xFF,0xFF,0x2C,0x00,0x00,0x00,0x00,0x00,
    0x00,0x00,0x00,0x00,0x6C,0xFF,0xDA,0x00,0x00,0xD0,0xFF,0x90,0x00,0x00,0x00,0x00,
    0x00,0x00,0x00,0x00,0x02,0xCF,0xFF,0x87,0x00,0x00,0x53,0xFF,0xFA,0x39,0x00,0x00,
    0x00,0x00,0x00,0x00,0x00,0x75,0xFF,0xEE,0x18,0x00,0x00,0x00,0xA7,0xFF,0xF1,0x6A,
    0x0B,0x00,0x00,0x00,0x18,0x8F,0xFE,0xFD,0x59,0x00,0x00,0x00,0x00,0x03,0x8F,0xFF,
    0xFF,0xF8,0xD2,0xC5,0xD9,0xFE,0xFF,0xF2,0x4D,0x00,0x00,0x00,0x00,0x00,0x00,0x00,
    0x35,0x98,0xD5,0xF4,0xFC,0xEE,0xC6,0x7D,0x16,0x00,0x00,0x00,0x00,0x00,0x00,0x00,
    0xAC,0xFF,0xFF,0xFF,0xFF,0xF7,0xE4,0xB9,0x6A,0x08,0x00,0x00,0xAC,0xFF,0xDF,0xC0,
    0xC0,0xCB,0xEE,0xFF,0xFF,0xD8,0x1C,0x00,0xAC,0xFF,0x7C,0x00,0x00,0x00,0x01,0x46,
    0xE4,0xFF,0xBD,0x00,0xAC,0xFF,0x7C,0x00,0x00,0x00,0x00,0x00,0x41,0xFF,0xFF,0x1F,
    0xAC,0xFF,0x7C,0x00,0x00,0x00,0x00,0x00,0x01,0xF9,0xFF,0x43,0xAC,0xFF,0x7C,0x00,
    0x00,0x00,0x00,0x00,0x03,0xFC,0xFF,0x36,0xAC,0xFF,0x7C,0x00,0x00,0x00,0x00,0x00,
    0x4B,0xFF,0xF2,0x0A,0xAC,0xFF,0x7C,0x00,0x00,0x00,0x06,0x55,0xEA,0xFF,0x84,0x00,
    0xAC,0xFF,0xDF,0xC0,0xC3,0xD2,0xF6,0xFF,0xFF,0x9E,0x03,0x00,0xAC,0xFF,0xFF,0xFF,
    0xFE,0xF5,0xD9,0xA2,0x40,0x00,0x00,0x00,0xAC,0xFF,0x7C,0x00,0x00,0x00,0x00,0x00,
    0x00,0x00,0x00,0x00,0xAC,0xFF,0x7C,0x00,0x00,0x00,0x00,0x00,0x00,0x00,0x00,0x00,
    0xAC,0xFF,0x7C,0x00,0x00,0x00,0x00,0x00,0x00,0x00,0x00,0x00,0xAC,0xFF,0x7C,0x00,
    0x00,0x00,0x00,0x00,0x00,0x00,0x00,0x00,0xAC,0xFF,0x7C,0x00,0x00,0x00,0x00,0x00,
    0x00,0x00,0x00,0x00,0xAC,0xFF,0x7C,0x00,0x00,0x00,0x00,0x00,0x00,0x00,0x00,0x00,
    0xAC,0xFF,0x7C,0x00,0x00,0x00,0x00,0x00,0x00,0x00,0x00,0x00,0x00,0x00,0x00,0x00,
    0x35,0x97,0xD3,0xF3,0xFC,0xEE,0xC6,0x7D,0x16,0x00,0x00,0x00,0x00,0x00,0x00,0x03,
    0x8F,0xFF,0xFF,0xF9,0xD3,0xC5,0xD9,0xFE,0xFF,0xF2,0x4E,0x00,0x00,0x00,0x00,0x00,
    0xA8,0xFF,0xF1,0x6A,0x0B,0x00,0x00,0x00,0x16,0x8A,0xFE,0xFE,0x5A,0x00,0x00,0x00,
    0x55,0xFF,0xFA,0x37,0x00,0x00,0x00,0x00,0x00,0x00,0x00,0x6E,0xFF,0xEE,0x18,0x00,
    0x00,0xD1,0xFF,0x8D,0x00,0x00,0x00,0x00,0x00,0x00,0x00,0x00,0x01,0xCB,0xFF,0x87,
    0x00,0x21,0xFF,0xFF,0x29,0x00,0x00,0x00,0x00,0x00,0x00,0x00,0x00,0x00,0x69,0xFF,
    0xDA,0x00,0x5A,0xFF,0xED,0x00,0x00,0x00,0x00,0x00,0x00,0x00,0x00,0x00,0x00,0x2E,
    0xFF,0xFF,0x16,0x72,0xFF,0xCD,0x00,0x00,0x00,0x00,0x00,0x00,0x00,0x00,0x00,0x00,
    0x0F,0xFF,0xFF,0x2F,0x82,0xFF,0xC3,0x00,0x00,0x00,0x00,0x00,0x00,0x00,0x00,0x00,
    0x00,0x04,0xFF,0xFF,0x42,0x70,0xFF,0xCE,0x00,0x00,0x00,0x00,0x00,0x00,0x00,0x00,
    0x00,0x00,0x0F,0xFF,0xFF,0x39,0x59,0xFF,0xEE,0x00,0x00,0x00,0x00,0x00,0x00,0x00,
    0x00,0x00,0x00,0x30,0xFF,0xFF,0x1B,0x1F,0xFF,0xFF,0x2C,0x00,0x00,0x00,0x00,0x00,
    0x00,0x00,0x00,0x00,0x6C,0xFF,0xE6,0x00,0x00,0xD0,0xFF,0x90,0x00,0x00,0x00,0x00,
    0x00,0x00,0x00,0x00,0x02,0xCF,0xFF,0x92,0x00,0x00,0x53,0xFF,0xFA,0x39,0x00,0x00,
    0x00,0x00,0x00,0x00,0x00,0x75,0xFF,0xF9,0x21,0x00,0x00,0x00,0xA7,0xFF,0xF1,0x6A,
    0x0B,0x00,0x00,0x00,0x18,0x8F,0xFE,0xFF,0x6E,0x00,0x00,0x00,0x00,0x03,0x8F,0xFF,
    0xFF,0xF8,0xD2,0xC5,0xD9,0xFE,0xFF,0xF7,0x6E,0x00,0x00,0x00,0x00,0x00,0x00,0x00,
    0x35,0x98,0xD5,0xF4,0xFF,0xFF,0xFF,0xB1,0x20,0x00,0x00,0x00,0x00,0x00,0x00,0x00,
    0x00,0x00,0x00,0x00,0x00,0x00,0x9A,0xFF,0xED,0x2C,0x00,0x00,0x00,0x00,0x00,0x00,
    0x00,0x00,0x00,0x00,0x00,0x00,0x00,0x05,0xBF,0xFF,0xE7,0x24,0x00,0x00,0x00,0x00,
    0x00,0x00,0x00,0x00,0x00,0x00,0x00,0x00,0x00,0x13,0xDC,0xFF,0xE0,0x1C,0x00,0x00,
    0x00,0x00,0x00,0x00,0x00,0x00,0x00,0x00,0x00,0x00,0x00,0x2A,0xEE,0xFC,0xD4,0x14,
    0x00,0x00,0x00,0x00,0xAC,0xFF,0xFF,0xFF,0xFF,0xF9,0xE9,0xC0,0x74,0x0D,0x00,0x00,
    0x00,0xAC,0xFF,0xDF,0xC0,0xC0,0xC7,0xE5,0xFF,0xFF,0xE1,0x24,0x00,0x00,0xAC,0xFF,
    0x7C,0x00,0x00,0x00,0x00,0x34,0xD6,0xFF,0xC5,0x00,0x00,0xAC,0xFF,0x7C,0x00,0x00,
    0x00,0x00,0x00,0x35,0xFF,0xFF,0x20,0x00,0xAC,0xFF,0x7C,0x00,0x00,0x00,0x00,0x00,
    0x00,0xF8,0xFF,0x43,0x00,0xAC,0xFF,0x7C,0x00,0x00,0x00,0x00,0x00,0x0A,0xFE,0xFF,
    0x3A,0x00,0xAC,0xFF,0x7C,0x00,0x00,0x00,0x00,0x00,0x4F,0xFF,0xF6,0x0E,0x00,0xAC,
    0xFF,0x7C,0x00,0x00,0x00,0x00,0x3B,0xE6,0xFF,0x84,0x00,0x00,0xAC,0xFF,0xDF,0xC0,
    0xC0,0xC5,0xE4,0xFF,0xFD,0x8E,0x02,0x00,0x00,0xAC,0xFF,0xFF,0xFF,0xFF,0xFF,0xFF,
    0xFA,0x32,0x00,0x00,0x00,0x00,0xAC,0xFF,0x7C,0x00,0x00,0x02,0xCE,0xFF,0x86,0x00,
    0x00,0x00,0x00,0xAC,0xFF,0x7C,0x00,0x00,0x00,0x39,0xFE,0xFA,0x2B,0x00,0x00,0x00,
    0xAC,0xFF,0x7C,0x00,0x00,0x00,0x00,0xA1,0xFF,0xC3,0x01,0x00,0x00,0xAC,0xFF,0x7C,
    0x00,0x00,0x00,0x00,0x17,0xF1,0xFF,0x63,0x00,0x00,0xAC,0xFF,0x7C,0x00,0x00,0x00,
    0x00,0x00,0x71,0xFF,0xED,0x15,0x00,0xAC,0xFF,0x7C,0x00,0x00,0x00,0x00,0x00,0x04,
    0xD4,0xFF,0xA1,0x00,0xAC,0xFF,0x7C,0x00,0x00,0x00,0x00,0x00,0x00,0x40,0xFF,0xFF,
    0x41,0x00,0x00,0x00,0x00,0x00,0x2F,0x9D,0xDD,0xF6,0xF0,0xD7,0xB7,0x71,0x20,0x00,
    0x00,0x69,0xFD,0xFF,0xEE,0xCB,0xCB,0xF1,0xFF,0xFF,0x6D,0x00,0x26,0xFC,0xFF,0x76,
    0x05,0x00,0x00,0x02,0x3F,0xA1,0x17,0x00,0x75,0xFF,0xC6,0x00,0x00,0x00,0x00,0x00,
    0x00,0x00,0x00,0x00,0x89,0xFF,0xAB,0x00,0x00,0x00,0x00,0x00,0x00,0x00,0x00,0x00,
    0x67,0xFF,0xEB,0x12,0x00,0x00,0x00,0x00,0x00,0x00,0x00,0x00,0x13,0xF0,0xFF,0xD6,
    0x41,0x00,0x00,0x00,0x00,0x00,0x00,0x00,0x00,0x42,0xEF,0xFF,0xFF,0xCE,0x6A,0x0E,
    0x00,0x00,0x00,0x00,0x00,0x00,0x19,0x98,0xF6,0xFF,0xFF,0xF4,0x87,0x0B,0x00,0x00,
    0x00,0x00,0x00,0x00,0x0E,0x69,0xD2,0xFF,0xFF,0xD6,0x14,0x00,0x00,0x00,0x00,0x00,
    0x00,0x00,0x00,0x55,0xEF,0xFF,0xA3,0x00,0x00,0x00,0x00,0x00,0x00,0x00,0x00,0x00,
    0x5B,0xFF,0xF3,0x00,0x00,0x00,0x00,0x00,0x00,0x00,0x00,0x00,0x26,0xFF,0xFF,0x05,
    0x00,0x00,0x00,0x00,0x00,0x00,0x00,0x00,0x59,0xFF,0xE1,0x00,0x73,0x48,0x0A,0x00,
    0x00,0x00,0x01,0x4A,0xEB,0xFF,0x7A,0x00,0xC8,0xFF,0xFD,0xDC,0xC7,0xCC,0xEB,0xFF,
    0xFF,0xA3,0x04,0x00,0x4D,0xA5,0xD3,0xE7,0xF8,0xF8,0xDF,0xA7,0x46,0x00,0x00,0x00,
    0xC4,0xFF,0xFF,0xFF,0xFF,0xFF,0xFF,0xFF,0xFF,0xFF,0xFF,0xFF,0xFF,0x14,0x93,0xC0,
    0xC0,0xC0,0xC0,0xDA,0xFF,0xF0,0xC0,0xC0,0xC0,0xC0,0xC0,0x0F,0x00,0x00,0x00,0x00,
    0x00,0x68,0xFF,0xC0,0x00,0x00,0x00,0x00,0x00,0x00,0x00,0x00,0x00,0x00,0x00,0x68,
    0xFF,0xC0,0x00,0x00,0x00,0x00,0x00,0x00,0x00,0x00,0x00,0x00,0x00,0x68,0xFF,0xC0,
    0x00,0x00,0x00,0x00,0x00,0x00,0x00,0x00,0x00,0x00,0x00,0x68,0xFF,0xC0,0x00,0x00,
    0x00,0x00,0x00,0x00,0x00,0x00,0x00,0x00,0x00,0x68,0xFF,0xC0,0x00,0x00,0x00,0x00,
    0x00,0x00,0x00,0x00,0x00,0x00,0x00,0x68,0xFF,0xC0,0x00,0x00,0x00,0x00,0x00,0x00,
    0x00,0x00,0x00,0x00,0x00,0x68,0xFF,0xC0,0x00,0x00,0x00,0x00,0x00,0x00,0x00,0x00,
    0x00,0x00,0x00,0x68,0xFF,0xC0,0x00,0x00,0x00,0x00,0x00,0x00,0x00,0x00,0x00,0x00,
    0x00,0x68,0xFF,0xC0,0x00,0x00,0x00,0x00,0x00,0x00,0x00,0x00,0x00,0x00,0x00,0x68,
    0xFF,0xC0,0x00,0x00,0x00,0x00,0x00,0x00,0x00,0x00,0x00,0x00,0x00,0x68,0xFF,0xC0,
    0x00,0x00,0x00,0x00,0x00,0x00,0x00,0x00,0x00,0x00,0x00,0x68,0xFF,0xC0,0x00,0x00,
    0x00,0x00,0x00,0x00,0x00,0x00,0x00,0x00,0x00,0x68,0xFF,0xC0,0x00,0x00,0x00,0x00,
    0x00,0x00,0x00,0x00,0x00,0x00,0x00,0x68,0xFF,0xC0,0x00,0x00,0x00,0x00,0x00,0x00,
    0x00,0x00,0x00,0x00,0x00,0x68,0xFF,0xC0,0x00,0x00,0x00,0x00,0x00,0x00,0x00,0x00,
    0xD8,0xFF,0x50,0x00,0x00,0x00,0x00,0x00,0x00,0x00,0x00,0xC8,0xFF,0x5C,0xD8,0xFF,
    0x50,0x00,0x00,0x00,0x00,0x00,0x00,0x00,0x00,0xC8,0xFF,0x5C,0xD8,0xFF,0x50,0x00,
    0x00,0x00,0x00,0x00,0x00,0x00,0x00,0xC8,0xFF,0x5C,0xD8,0xFF,0x50,0x00,0x00,0x00,
    0x00,0x00,0x00,0x00,0x00,0xC8,0xFF,0x5C,0xD8,0xFF,0x50,0x00,0x00,0x00,0x00,0x00,
    0x00,0x00,0x00,0xC8,0xFF,0x5C,0xD8,0xFF,0x50,0x00,0x00,0x00,0x00,0x00,0x00,0x00,
    0x00,0xC8,0xFF,0x5C,0xD8,0xFF,0x50,0x00,0x00,0x00,0x00,0x00,0x00,0x00,0x00,0xC8,
    0xFF,0x5C,0xD8,0xFF,0x50,0x00,0x00,0x00,0x00,0x00,0x00,0x00,0x00,0xC8,0xFF,0x5C,
    0xD8,0xFF,0x50,0x00,0x00,0x00,0x00,0x00,0x00,0x00,0x00,0xC8,0xFF,0x5C,0xD8,0xFF,
    0x50,0x00,0x00,0x00,0x00,0x00,0x00,0x00,0x00,0xC8,0xFF,0x5C,0xD7,0xFF,0x50,0x00,
    0x00,0x00,0x00,0x00,0x00,0x00,0x00,0xC8,0xFF,0x5B,0xCB,0xFF,0x59,0x00,0x00,0x00,
    0x00,0x00,0x00,0x00,0x00,0xD3,0xFF,0x49,0xA4,0xFF,0x87,0x00,0x00,0x00,0x00,0x00,
    0x00,0x00,0x0C,0xF9,0xFF,0x25,0x54,0xFF,0xE7,0x10,0x00,0x00,0x00,0x00,0x00,0x00,
    0x79,0xFF,0xD0,0x00,0x02,0xC9,0xFF,0xCA,0x2F,0x00,0x00,0x00,0x06,0x6E,0xFB,0xFE,
    0x45,0x00,0x00,0x1A,0xCF,0xFF,0xFF,0xE1,0xC5,0xCC,0xF4,0xFF,0xF6,0x61,0x00,0x00,
    0x00,0x00,0x07,0x66,0xBB,0xEA,0xFA,0xEC,0xD0,0x86,0x22,0x00,0x00,0x00,0x00,0x00,
    0xD2,0xFF,0x6C,0x00,0x00,0x00,0x00,0x00,0x00,0x00,0x00,0x13,0xFA,0xFF,0x39,0x76,
    0xFF,0xC7,0x00,0x00,0x00,0x00,0x00,0x00,0x00,0x00,0x68,0xFF,0xDC,0x00,0x1B,0xFD,
    0xFF,0x23,0x00,0x00,0x00,0x00,0x00,0x00,0x00,0xC2,0xFF,0x81,0x00,0x00,0xBE,0xFF,
    0x7D,0x00,0x00,0x00,0x00,0x00,0x00,0x1E,0xFE,0xFF,0x25,0x00,0x00,0x61,0xFF,0xD8,
    0x00,0x00,0x00,0x00,0x00,0x00,0x77,0xFF,0xC8,0x00,0x00,0x00,0x0E,0xF6,0xFF,0x33,
    0x00,0x00,0x00,0x00,0x00,0xD2,0xFF,0x6C,0x00,0x00,0x00,0x00,0xA9,0xFF,0x8D,0x00,
    0x00,0x00,0x00,0x2C,0xFF,0xFB,0x15,0x00,0x00,0x00,0x00,0x4D,0xFF,0xE5,0x02,0x00,
    0x00,0x00,0x87,0xFF,0xB4,0x00,0x00,0x00,0x00,0x00,0x05,0xEB,0xFF,0x43,0x00,0x00,
    0x01,0xDF,0xFF,0x57,0x00,0x00,0x00,0x00,0x00,0x00,0x94,0xFF,0x9E,0x00,0x00,0x3C,
    0xFF,0xF2,0x09,0x00,0x00,0x00,0x00,0x00,0x00,0x38,0xFF,0xF1,0x08,0x00,0x96,0xFF,
    0x9F,0x00,0x00,0x00,0x00,0x00,0x00,0x00,0x00,0xDB,0xFF,0x4E,0x02,0xE9,0xFF,0x43,
    0x00,0x00,0x00,0x00,0x00,0x00,0x00,0x00,0x7F,0xFF,0x9F,0x3F,0xFF,0xE4,0x02,0x00,
    0x00,0x00,0x00,0x00,0x00,0x00,0x00,0x23,0xFF,0xE7,0x86,0xFF,0x8A,0x00,0x00,0x00,
    0x00,0x00,0x00,0x00,0x00,0x00,0x00,0xC7,0xFF,0xE5,0xFF,0x2E,0x00,0x00,0x00,0x00,
    0x00,0x00,0x00,0x00,0x00,0x00,0x6B,0xFF,0xFF,0xD2,0x00,0x00,0x00,0x00,0x00,0x00,
    0x00,0x00,0x00,0x00,0x00,0x14,0xFA,0xFF,0x76,0x00,0x00,0x00,0x00,0x00,0x00,0x00,
    0x96,0xFF,0xAC,0x00,0x00,0x00,0x00,0x00,0x00,0x32,0xFF,0xFF,0x56,0x00,0x00,0x00,
    0x00,0x00,0x00,0x61,0xFF,0xE1,0x00,0x52,0xFF,0xEC,0x01,0x00,0x00,0x00,0x00,0x00,
    0x7C,0xFF,0xFF,0xA4,0x00,0x00,0x00,0x00,0x00,0x00,0xA2,0xFF,0x9C,0x00,0x10,0xFC,
    0xFF,0x2F,0x00,0x00,0x00,0x00,0x00,0xC7,0xFF,0xFC,0xEE,0x04,0x00,0x00,0x00,0x00,
    0x00,0xE2,0xFF,0x57,0x00,0x00,0xC9,0xFF,0x70,0x00,0x00,0x00,0x00,0x14,0xFD,0xEA,
    0xC5,0xFF,0x40,0x00,0x00,0x00,0x00,0x24,0xFF,0xFE,0x14,0x00,0x00,0x84,0xFF,0xB1,
    0x00,0x00,0x00,0x00,0x5D,0xFF,0xAC,0x84,0xFF,0x8E,0x00,0x00,0x00,0x00,0x65,0xFF,
    0xCE,0x00,0x00,0x00,0x40,0xFF,0xF0,0x03,0x00,0x00,0x00,0xA8,0xFF,0x68,0x3C,0xFF,
    0xDC,0x00,0x00,0x00,0x00,0xA6,0xFF,0x89,0x00,0x00,0x00,0x06,0xF4,0xFF,0x34,0x00,
    0x00,0x04,0xEF,0xFF,0x21,0x03,0xEC,0xFF,0x2A,0x00,0x00,0x00,0xE6,0xFF,0x45,0x00,
    0x00,0x00,0x00,0xB7,0xFF,0x75,0x00,0x00,0x3E,0xFF,0xD5,0x00,0x00,0xA2,0xFF,0x78,
    0x00,0x00,0x28,0xFF,0xF7,0x08,0x00,0x00,0x00,0x00,0x72,0xFF,0xB7,0x00,0x00,0x89,
    0xFF,0x89,0x00,0x00,0x54,0xFF,0xC6,0x00,0x00,0x69,0xFF,0xBB,0x00,0x00,0x00,0x00,
    0x00,0x2E,0xFF,0xF3,0x04,0x00,0xD4,0xFF,0x3D,0x00,0x00,0x0C,0xF8,0xFD,0x16,0x00,
    0xAA,0xFF,0x76,0x00,0x00,0x00,0x00,0x00,0x01,0xE8,0xFF,0x38,0x1D,0xFF,0xED,0x03,
    0x00,0x00,0x00,0xB8,0xFF,0x5F,0x00,0xE9,0xFF,0x32,0x00,0x00,0x00,0x00,0x00,0x00,
    0xA5,0xFF,0x75,0x61,0xFF,0xA5,0x00,0x00,0x00,0x00,0x6A,0xFF,0xA2,0x28,0xFF,0xEB,
    0x01,0x00,0x00,0x00,0x00,0x00,0x00,0x60,0xFF,0xAF,0xA0,0xFF,0x59,0x00,0x00,0x00,
    0x00,0x1C,0xFF,0xE2,0x63,0xFF,0xA8,0x00,0x00,0x00,0x00,0x00,0x00,0x00,0x1C,0xFF,
    0xDD,0xCE,0xFC,0x11,0x00,0x00,0x00,0x00,0x00,0xCE,0xFF,0xAB,0xFF,0x64,0x00,0x00,
    0x00,0x00,0x00,0x00,0x00,0x00,0xD7,0xFE,0xF8,0xC1,0x00,0x00,0x00,0x00,0x00,0x00,
    0x80,0xFF,0xF6,0xFF,0x1F,0x00,0x00,0x00,0x00,0x00,0x00,0x00,0x00,0x93,0xFF,0xFF,
    0x75,0x00,0x00,0x00,0x00,0x00,0x00,0x32,0xFF,0xFF,0xDA,0x00,0x00,0x00,0x00,0x00,
    0x00,0x00,0x00,0x00,0x4E,0xFF,0xFF,0x29,0x00,0x00,0x00,0x00,0x00,0x00,0x00,0xE2,
    0xFF,0x96,0x00,0x00,0x00,0x00,0x00,0x00,0x3C,0xFE,0xFB,0x2E,0x00,0x00,0x00,0x00,
    0x00,0x00,0x17,0xEF,0xFE,0x3E,0x00,0x95,0xFF,0xC7,0x01,0x00,0x00,0x00,0x00,0x00,
    0xA6,0xFF,0x97,0x00,0x00,0x0D,0xE2,0xFF,0x67,0x00,0x00,0x00,0x00,0x45,0xFF,0xE4,
    0x0E,0x00,0x00,0x00,0x4B,0xFF,0xEE,0x16,0x00,0x00,0x08,0xDB,0xFF,0x4D,0x00,0x00,
    0x00,0x00,0x00,0xA7,0xFF,0xA4,0x00,0x00,0x83,0xFF,0xA8,0x00,0x00,0x00,0x00,0x00,
    0x00,0x15,0xEC,0xFF,0x42,0x28,0xF9,0xED,0x16,0x00,0x00,0x00,0x00,0x00,0x00,0x00,
    0x5E,0xFF,0xD9,0xC1,0xFF,0x5E,0x00,0x00,0x00,0x00,0x00,0x00,0x00,0x00,0x00,0xB8,
    0xFF,0xFF,0xB8,0x00,0x00,0x00,0x00,0x00,0x00,0x00,0x00,0x00,0x00,0x6A,0xFF,0xFF,
    0x75,0x00,0x00,0x00,0x00,0x00,0x00,0x00,0x00,0x00,0x16,0xED,0xF8,0xFA,0xF3,0x1F,
    0x00,0x00,0x00,0x00,0x00,0x00,0x00,0x00,0xAB,0xFF,0x7D,0x88,0xFF,0xB9,0x00,0x00,
    0x00,0x00,0x00,0x00,0x00,0x51,0xFF,0xD5,0x06,0x09,0xDE,0xFF,0x60,0x00,0x00,0x00,
    0x00,0x00,0x11,0xE7,0xFE,0x3B,0x00,0x00,0x49,0xFF,0xEE,0x18,0x00,0x00,0x00,0x00,
    0xA0,0xFF,0x97,0x00,0x00,0x00,0x00,0xAA,0xFF,0xAE,0x00,0x00,0x00,0x47,0xFF,0xE5,
    0x0F,0x00,0x00,0x00,0x00,0x19,0xF1,0xFF,0x55,0x00,0x0C,0xE1,0xFF,0x53,0x00,0x00,
    0x00,0x00,0x00,0x00,0x6B,0xFF,0xE9,0x13,0x95,0xFF,0xB1,0x00,0x00,0x00,0x00,0x00,
    0x00,0x00,0x02,0xC9,0xFF,0xA4,0x00,0x00,0xBB,0xFF,0x9E,0x00,0x00,0x00,0x00,0x00,
    0x00,0x00,0x12,0xF0,0xFF,0x4E,0x32,0xFE,0xFC,0x29,0x00,0x00,0x00,0x00,0x00,0x00,
    0x8B,0xFF,0xC3,0x00,0x00,0xA7,0xFF,0xAC,0x00,0x00,0x00,0x00,0x00,0x1B,0xF7,0xFF,
    0x39,0x00,0x00,0x22,0xFA,0xFF,0x34,0x00,0x00,0x00,0x00,0x9A,0xFF,0xAD,0x00,0x00,
    0x00,0x00,0x93,0xFF,0xBA,0x00,0x00,0x00,0x25,0xFB,0xFB,0x27,0x00,0x00,0x00,0x00,
    0x15,0xF2,0xFF,0x41,0x00,0x00,0xA9,0xFF,0x97,0x00,0x00,0x00,0x00,0x00,0x00,0x7E,
    0xFF,0xC8,0x00,0x31,0xFE,0xF4,0x18,0x00,0x00,0x00,0x00,0x00,0x00,0x0B,0xE8,0xFF,
    0x4F,0xB7,0xFF,0x82,0x00,0x00,0x00,0x00,0x00,0x00,0x00,0x00,0x6A,0xFF,0xE7,0xFF,
    0xEA,0x0D,0x00,0x00,0x00,0x00,0x00,0x00,0x00,0x00,0x04,0xDA,0xFF,0xFF,0x6C,0x00,
    0x00,0x00,0x00,0x00,0x00,0x00,0x00,0x00,0x00,0x60,0xFF,0xEC,0x05,0x00,0x00,0x00,
    0x00,0x00,0x00,0x00,0x00,0x00,0x00,0x48,0xFF,0xE0,0x00,0x00,0x00,0x00,0x00,0x00,
    0x00,0x00,0x00,0x00,0x00,0x48,0xFF,0xE0,0x00,0x00,0x00,0x00,0x00,0x00,0x00,0x00,
    0x00,0x00,0x00,0x48,0xFF,0xE0,0x00,0x00,0x00,0x00,0x00,0x00,0x00,0x00,0x00,0x00,
    0x00,0x48,0xFF,0xE0,0x00,0x00,0x00,0x00,0x00,0x00,0x00,0x00,0x00,0x00,0x00,0x48,
    0xFF,0xE0,0x00,0x00,0x00,0x00,0x00,0x00,0x00,0x00,0x00,0x00,0x00,0x48,0xFF,0xE0,
    0x00,0x00,0x00,0x00,0x00,0x00,0x00,0x00,0x00,0xCC,0xFF,0xFF,0xFF,0xFF,0xFF,0xFF,
    0xFF,0xFF,0xFF,0xFF,0x8C,0x00,0x99,0xC0,0xC0,0xC0,0xC0,0xC0,0xC0,0xC0,0xC9,0xFF,
    0xFF,0x78,0x00,0x00,0x00,0x00,0x00,0x00,0x00,0x00,0x00,0x8E,0xFF,0xDC,0x0A,0x00,
    0x00,0x00,0x00,0x00,0x00,0x00,0x00,0x38,0xFD,0xFE,0x3F,0x00,0x00,0x00,0x00,0x00,
    0x00,0x00,0x00,0x07,0xD6,0xFF,0x96,0x00,0x00,0x00,0x00,0x00,0x00,0x00,0x00,0x00,
    0x85,0xFF,0xE1,0x0D,0x00,0x00,0x00,0x00,0x00,0x00,0x00,0x00,0x31,0xFB,0xFF,0x46,
    0x00,0x00,0x00,0x00,0x00,0x00,0x00,0x00,0x04,0xCF,0xFF,0x9E,0x00,0x00,0x00,0x00,
    0x00,0x00,0x00,0x00,0x00,0x7D,0xFF,0xE5,0x10,0x00,0x00,0x00,0x00,0x00,0x00,0x00,
    0x00,0x2B,0xF9,0xFF,0x4E,0x00,0x00,0x00,0x00,0x00,0x00,0x00,0x00,0x03,0xC9,0xFF,
    0xA6,0x00,0x00,0x00,0x00,0x00,0x00,0x00,0x00,0x00,0x74,0xFF,0xEA,0x14,0x00,0x00,
    0x00,0x00,0x00,0x00,0x00,0x00,0x24,0xF6,0xFF,0x56,0x00,0x00,0x00,0x00,0x00,0x00,
    0x00,0x00,0x01,0xC1,0xFF,0xAE,0x00,0x00,0x00,0x00,0x00,0x00,0x00,0x00,0x00,0x6B,
    0xFF,0xEE,0x18,0x00,0x00,0x00,0x00,0x00,0x00,0x00,0x00,0x0C,0xF3,0xFF,0xE7,0xC0,
    0xC0,0xC0,0xC0,0xC0,0xC0,0xC0,0xC0,0x99,0x18,0xFF,0xFF,0xFF,0xFF,0xFF,0xFF,0xFF,
    0xFF,0xFF,0xFF,0xFF,0xCC,0x00,0x00,0x00,0x14,0xFF,0xFF,0xFF,0xFF,0xFF,0x4C,0x14,
    0xFF,0xFF,0xC0,0xC0,0xC0,0x39,0x14,0xFF,0xFC,0x00,0x00,0x00,0x00,0x14,0xFF,0xFC,
    0x00,0x00,0x00,0x00,0x14,0xFF,0xFC,0x00,0x00,0x00,0x00,0x14,0xFF,0xFC,0x00,0x00,
    0x00,0x00,0x14,0xFF,0xFC,0x00,0x00,0x00,0x00,0x14,0xFF,0xFC,0x00,0x00,0x00,0x00,
    0x14,0xFF,0xFC,0x00,0x00,0x00,0x00,0x14,0xFF,0xFC,0x00,0x00,0x00,0x00,0x14,0xFF,
    0xFC,0x00,0x00,0x00,0x00,0x14,0xFF,0xFC,0x00,0x00,0x00,0x00,0x14,0xFF,0xFC,0x00,
    0x00,0x00,0x00,0x14,0xFF,0xFC,0x00,0x00,0x00,0x00,0x14,0xFF,0xFC,0x00,0x00,0x00,
    0x00,0x14,0xFF,0xFC,0x00,0x00,0x00,0x00,0x14,0xFF,0xFC,0x00,0x00,0x00,0x00,0x14,
    0xFF,0xFC,0x00,0x00,0x00,0x00,0x14,0xFF,0xFC,0x00,0x00,0x00,0x00,0x14,0xFF,0xFF,
    0xFF,0xFF,0xFF,0x4C,0x0F,0xC0,0xC0,0xC0,0xC0,0xC0,0x39,0x00,0x94,0xFF,0x7B,0x00,
    0x00,0x00,0x00,0x00,0x00,0x34,0xFF,0xDB,0x00,0x00,0x00,0x00,0x00,0x00,0x00,0xD3,
    0xFF,0x3D,0x00,0x00,0x00,0x00,0x00,0x00,0x74,0xFF,0x9E,0x00,0x00,0x00,0x00,0x00,
    0x00,0x17,0xFB,0xF3,0x0B,0x00,0x00,0x00,0x00,0x00,0x00,0xB3,0xFF,0x5F,0x00,0x00,
    0x00,0x00,0x00,0x00,0x53,0xFF,0xC0,0x00,0x00,0x00,0x00,0x00,0x00,0x06,0xEC,0xFE,
    0x22,0x00,0x00,0x00,0x00,0x00,0x00,0x92,0xFF,0x81,0x00,0x00,0x00,0x00,0x00,0x00,
    0x32,0xFF,0xE0,0x01,0x00,0x00,0x00,0x00,0x00,0x00,0xD1,0xFF,0x43,0x00,0x00,0x00,
    0x00,0x00,0x00,0x72,0xFF,0xA3,0x00,0x00,0x00,0x00,0x00,0x00,0x16,0xFB,0xF6,0x0E,
    0x00,0x00,0x00,0x00,0x00,0x00,0xB1,0xFF,0x65,0x00,0x00,0x00,0x00,0x00,0x00,0x51,
    0xFF,0xC5,0x00,0x00,0x00,0x00,0x00,0x00,0x05,0xEB,0xFF,0x27,0x00,0x00,0x00,0x00,
    0x00,0x00,0x90,0xFF,0x87,0x00,0x00,0x00,0x68,0xFF,0xFF,0xFF,0xFF,0xF8,0x4E,0xC0,
    0xC0,0xC6,0xFF,0xF8,0x00,0x00,0x00,0x18,0xFF,0xF8,0x00,0x00,0x00,0x18,0xFF,0xF8,
    0x00,0x00,0x00,0x18,0xFF,0xF8,0x00,0x00,0x00,0x18,0xFF,0xF8,0x00,0x00,0x00,0x18,
    0xFF,0xF8,0x00,0x00,0x00,0x18,0xFF,0xF8,0x00,0x00,0x00,0x18,0xFF,0xF8,0x00,0x00,
    0x00,0x18,0xFF,0xF8,0x00,0x00,0x00,0x18,0xFF,0xF8,0x00,0x00,0x00,0x18,0xFF,0xF8,
    0x00,0x00,0x00,0x18,0xFF,0xF8,0x00,0x00,0x00,0x18,0xFF,0xF8,0x00,0x00,0x00,0x18,
    0xFF,0xF8,0x00,0x00,0x00,0x18,0xFF,0xF8,0x00,0x00,0x00,0x18,0xFF,0xF8,0x00,0x00,
    0x00,0x18,0xFF,0xF8,0x00,0x00,0x00,0x18,0xFF,0xF8,0x68,0xFF,0xFF,0xFF,0xFF,0xF8,
    0x4E,0xC0,0xC0,0xC0,0xC0,0xBA,0x00,0x00,0x00,0x00,0x00,0x00,0x00,0x3B,0xFF,0x74,
    0x00,0x00,0x00,0x00,0x00,0x00,0x00,0x00,0x00,0x00,0xB2,0xFF,0xEB,0x0C,0x00,0x00,
    0x00,0x00,0x00,0x00,0x00,0x00,0x29,0xFE,0xC4,0xFF,0x7A,0x00,0x00,0x00,0x00,0x00,
    0x00,0x00,0x00,0x9F,0xFB,0x1C,0xC7,0xED,0x0E,0x00,0x00,0x00,0x00,0x00,0x00,0x1B,
    0xFA,0xA6,0x00,0x49,0xFF,0x7F,0x00,0x00,0x00,0x00,0x00,0x00,0x8C,0xFF,0x35,0x00,
    0x00,0xC9,0xF0,0x11,0x00,0x00,0x00,0x00,0x10,0xF2,0xC4,0x00,0x00,0x00,0x4B,0xFF,
    0x84,0x00,0x00,0x00,0x00,0x79,0xFF,0x53,0x00,0x00,0x00,0x00,0xCB,0xF2,0x13,0x00,
    0x00,0x07,0xE7,0xDF,0x03,0x00,0x00,0x00,0x00,0x4D,0xFF,0x89,0x00,0x00,0x66,0xFF,
    0x71,0x00,0x00,0x00,0x00,0x00,0x00,0xCD,0xF4,0x16,0x02,0xDA,0xF2,0x0E,0x00,0x00,
    0x00,0x00,0x00,0x00,0x4F,0xFF,0x8E,0x00,0x09,0xC0,0xC0,0xC0,0xC0,0xC0,0xC0,0xC0,
    0xC0,0xC0,0xC0,0x87,0x0C,0xFF,0xFF,0xFF,0xFF,0xFF,0xFF,0xFF,0xFF,0xFF,0xFF,0xB4,
    0x03,0xD6,0xFF,0xBF,0x00,0x00,0x00,0x28,0xEE,0xFF,0x4D,0x00,0x00,0x00,0x3C,0xF6,
    0xDF,0x0C,0x00,0x00,0x00,0x3D,0xEF,0x99,0x00,0x02,0x4D,0xA3,0xDD,0xF8,0xF6,0xD5,
    0x82,0x0A,0x00,0x00,0x4F,0xFF,0xFF,0xE6,0xC7,0xD9,0xFF,0xFF,0xC0,0x01,0x00,0x04,
    0x89,0x30,0x00,0x00,0x00,0x41,0xFB,0xFF,0x40,0x00,0x00,0x00,0x00,0x00,0x00,0x00,
    0x00,0xB1,0xFF,0x74,0x00,0x00,0x00,0x00,0x00,0x00,0x00,0x00,0x90,0xFF,0x83,0x00,
    0x00,0x28,0x77,0xA2,0xB6,0xBF,0xC0,0xE3,0xFF,0x84,0x04,0x98,0xFE,0xFF,0xFF,0xFF,
    0xFF,0xFF,0xFF,0xFF,0x84,0x75,0xFF,0xFC,0x7F,0x2C,0x0B,0x01,0x00,0x90,0xFF,0x84,
    0xCD,0xFF,0x85,0x00,0x00,0x00,0x00,0x00,0x9C,0xFF,0x84,0xDD,0xFF,0x55,0x00,0x00,
    0x00,0x00,0x05,0xDF,0xFF,0x84,0xB7,0xFF,0xB3,0x08,0x00,0x00,0x23,0xB1,0xFD,0xFF,
    0x84,0x43,0xFC,0xFF,0xEE,0xC8,0xDC,0xFD,0xDA,0x68,0xFF,0x84,0x00,0x38,0xB5,0xE9,
    0xF8,0xDD,0x8D,0x0F,0x1D,0xFF,0x84,0x00,0xF4,0xFF,0x28,0x00,0x00,0x00,0x00,0x00,
    0x00,0x00,0x00,0x00,0xF4,0xFF,0x28,0x00,0x00,0x00,0x00,0x00,0x00,0x00,0x00,0x00,
    0xF4,0xFF,0x28,0x00,0x00,0x00,0x00,0x00,0x00,0x00,0x00,0x00,0xF4,0xFF,0x28,0x00,
    0x00,0x00,0x00,0x00,0x00,0x00,0x00,0x00,0xF4,0xFF,0x26,0x00,0x00,0x00,0x00,0x00,
    0x00,0x00,0x00,0x00,0xF4,0xFF,0x1F,0x49,0xBE,0xEE,0xF7,0xD2,0x77,0x08,0x00,0x00,
    0xF4,0xFF,0x80,0xFF,0xE9,0xC6,0xD5,0xFF,0xFF,0xC6,0x0A,0x00,0xF4,0xFF,0xFC,0x62,
    0x01,0x00,0x00,0x30,0xE5,0xFF,0x8F,0x00,0xF4,0xFF,0xA3,0x00,0x00,0x00,0x00,0x00,
    0x4F,0xFF,0xF4,0x0B,0xF4,0xFF,0x55,0x00,0x00,0x00,0x00,0x00,0x04,0xF3,0xFF,0x3F,
    0xF4,0xFF,0x33,0x00,0x00,0x00,0x00,0x00,0x00,0xCE,0xFF,0x60,0xF4,0xFF,0x2A,0x00,
    0x00,0x00,0x00,0x00,0x00,0xC3,0xFF,0x6B,0xF4,0xFF,0x35,0x00,0x00,0x00,0x00,0x00,
    0x00,0xD0,0xFF,0x5F,0xF4,0xFF,0x5B,0x00,0x00,0x00,0x00,0x00,0x06,0xF5,0xFF,0x3D,
    0xF4,0xFF,0xAD,0x00,0x00,0x00,0x00,0x00,0x56,0xFF,0xF2,0x0A,0xF4,0xFF,0xFE,0x6C,
    0x02,0x00,0x00,0x31,0xE8,0xFF,0x8A,0x00,0xF4,0xE6,0x86,0xFF,0xEB,0xC6,0xD3,0xFE,
    0xFF,0xC1,0x08,0x00,0xF4,0xAA,0x00,0x52,0xC2,0xF0,0xF7,0xD2,0x75,0x06,0x00,0x00,
    0x00,0x00,0x03,0x64,0xBE,0xE9,0xF8,0xDF,0xB9,0x52,0x00,0x10,0xC6,0xFF,0xFE,0xD6,
    0xCA,0xEC,0xFF,0x69,0x00,0xAB,0xFF,0xD2,0x27,0x00,0x00,0x00,0x32,0x0E,0x26,0xFF,
    0xFB,0x23,0x00,0x00,0x00,0x00,0x00,0x00,0x77,0xFF,0xBD,0x00,0x00,0x00,0x00,0x00,
    0x00,0x00,0x97,0xFF,0x90,0x00,0x00,0x00,0x00,0x00,0x00,0x00,0xAA,0xFF,0x83,0x00,
    0x00,0x00,0x00,0x00,0x00,0x00,0x9A,0xFF,0x8F,0x00,0x00,0x00,0x00,0x00,0x00,0x00,
    0x7D,0xFF,0xBC,0x00,0x00,0x00,0x00,0x00,0x00,0x00,0x30,0xFF,0xFB,0x20,0x00,0x00,
    0x00,0x00,0x00,0x00,0x00,0xB9,0xFF,0xCD,0x21,0x00,0x00,0x00,0x1F,0x32,0x00,0x17,
    0xD2,0xFF,0xFD,0xD1,0xC9,0xE5,0xFF,0x84,0x00,0x00,0x08,0x73,0xC9,0xEE,0xFC,0xEA,
    0xAF,0x38,0x00,0x00,0x00,0x00,0x00,0x00,0x00,0x00,0x00,0x00,0x00,0x64,0xFF,0xB8,
    0x00,0x00,0x00,0x00,0x00,0x00,0x00,0x00,0x00,0x64,0xFF,0xB8,0x00,0x00,0x00,0x00,
    0x00,0x00,0x00,0x00,0x00,0x64,0xFF,0xB8,0x00,0x00,0x00,0x00,0x00,0x00,0x00,0x00,
    0x00,0x64,0xFF,0xB8,0x00,0x00,0x00,0x00,0x00,0x00,0x00,0x00,0x00,0x64,0xFF,0xB8,
    0x00,0x00,0x16,0x91,0xDE,0xF9,0xE8,0xA7,0x28,0x5E,0xFF,0xB8,0x00,0x25,0xE5,0xFF,
    0xF9,0xCB,0xCC,0xF7,0xF5,0x8C,0xFF,0xB8,0x00,0xCA,0xFF,0xCA,0x19,0x00,0x00,0x0D,
    0xA3,0xFF,0xFF,0xB8,0x3C,0xFF,0xFF,0x2A,0x00,0x00,0x00,0x00,0x07,0xE6,0xFF,0xB8,
    0x7E,0xFF,0xC5,0x00,0x00,0x00,0x00,0x00,0x00,0x98,0xFF,0xB8,0xA0,0xFF,0x9C,0x00,
    0x00,0x00,0x00,0x00,0x00,0x6F,0xFF,0xB8,0xAC,0xFF,0x86,0x00,0x00,0x00,0x00,0x00,
    0x00,0x61,0xFF,0xB8,0xA1,0xFF,0x99,0x00,0x00,0x00,0x00,0x00,0x00,0x68,0xFF,0xB8,
    0x80,0xFF,0xBD,0x00,0x00,0x00,0x00,0x00,0x00,0x87,0xFF,0xB8,0x41,0xFF,0xFD,0x20,
    0x00,0x00,0x00,0x00,0x02,0xD5,0xFF,0xB8,0x01,0xD1,0xFF,0xBF,0x15,0x00,0x00,0x09,
    0x91,0xFF,0xFF,0xB8,0x00,0x2B,0xE9,0xFF,0xF8,0xCA,0xCA,0xF4,0xF3,0x74,0xFF,0xB8,
    0x00,0x00,0x1A,0x96,0xE1,0xFA,0xE8,0xA5,0x25,0x10,0xFF,0xB8,0x00,0x00,0x05,0x69,
    0xC9,0xEF,0xF1,0xCD,0x71,0x05,0x00,0x00,0x00,0x0E,0xBF,0xFF,0xF9,0xD3,0xD6,0xFA,
    0xFF,0xC5,0x0A,0x00,0x00,0x9D,0xFF,0xBC,0x1A,0x00,0x00,0x20,0xD1,0xFF,0x8F,0x00,
    0x21,0xFF,0xEF,0x14,0x00,0x00,0x00,0x00,0x3A,0xFF,0xF2,0x09,0x71,0xFF,0xAC,0x00,
    0x00,0x00,0x00,0x00,0x02,0xF6,0xFF,0x34,0x97,0xFF,0xFF,0xFF,0xFF,0xFF,0xFF,0xFF,
    0xFF,0xFF,0xFF,0x4C,0xAA,0xFF,0xE0,0xC0,0xC0,0xC0,0xC0,0xC0,0xC0,0xC0,0xC0,0x3C,
    0x99,0xFF,0x90,0x00,0x00,0x00,0x00,0x00,0x00,0x00,0x00,0x00,0x77,0xFF,0xC3,0x00,
    0x00,0x00,0x00,0x00,0x00,0x00,0x00,0x00,0x23,0xFF,0xFE,0x33,0x00,0x00,0x00,0x00,
    0x00,0x00,0x00,0x00,0x00,0x9F,0xFF,0xE3,0x3E,0x00,0x00,0x00,0x00,0x35,0x5E,0x00,
    0x00,0x0B,0xB7,0xFF,0xFF,0xE1,0xC4,0xCB,0xEC,0xFF,0xBC,0x00,0x00,0x00,0x01,0x5A,
    0xB7,0xE5,0xFB,0xF5,0xD8,0x98,0x3E,0x00,0x00,0x00,0x00,0x06,0x73,0xD1,0xF3,0xED,
    0xC3,0x1D,0x00,0x00,0x00,0xAE,0xFF,0xFB,0xCE,0xD5,0xE6,0x03,0x00,0x00,0x26,0xFF,
    0xFE,0x3E,0x00,0x00,0x04,0x00,0x00,0x00,0x56,0xFF,0xD3,0x00,0x00,0x00,0x00,0x00,
    0x00,0x00,0x64,0xFF,0xBD,0x00,0x00,0x00,0x00,0x00,0x42,0xAE,0xF7,0xFF,0xFF,0xFF,
    0xFF,0xF8,0x00,0x00,0x7B,0xC0,0xD9,0xFF,0xEF,0xC0,0xC0,0xBA,0x00,0x00,0x00,0x00,
    0x64,0xFF,0xBC,0x00,0x00,0x00,0x00,0x00,0x00,0x00,0x64,0xFF,0xBC,0x00,0x00,0x00,
    0x00,0x00,0x00,0x00,0x64,0xFF,0xBC,0x00,0x00,0x00,0x00,0x00,0x00,0x00,0x64,0xFF,
    0xBC,0x00,0x00,0x00,0x00,0x00,0x00,0x00,0x64,0xFF,0xBC,0x00,0x00,0x00,0x00,0x00,
    0x00,0x00,0x64,0xFF,0xBC,0x00,0x00,0x00,0x00,0x00,0x00,0x00,0x64,0xFF,0xBC,0x00,
    0x00,0x00,0x00,0x00,0x00,0x00,0x64,0xFF,0xBC,0x00,0x00,0x00,0x00,0x00,0x00,0x00,
    0x64,0xFF,0xBC,0x00,0x00,0x00,0x00,0x00,0x00,0x00,0x64,0xFF,0xBC,0x00,0x00,0x00,
    0x00,0x00,0x00,0x00,0x64,0xFF,0xBC,0x00,0x00,0x00,0x00,0x00,0x00,0x00,0x14,0x91,
    0xDF,0xF9,0xE7,0xA4,0x26,0x09,0xFE,0xB8,0x00,0x1F,0xE1,0xFF,0xFA,0xCB,0xCD,0xF8,
    0xF6,0x6D,0xFF,0xB8,0x00,0xBE,0xFF,0xCB,0x1B,0x00,0x00,0x10,0xA6,0xFF,0xFF,0xB8,
    0x33,0xFF,0xFB,0x21,0x00,0x00,0x00,0x00,0x06,0xDF,0xFF,0xB8,0x7A,0xFF,0xBD,0x00,
    0x00,0x00,0x00,0x00,0x00,0x8E,0xFF,0xB8,0xA0,0xFF,0x90,0x00,0x00,0x00,0x00,0x00,
    0x00,0x66,0xFF,0xB8,0xAC,0xFF,0x82,0x00,0x00,0x00,0x00,0x00,0x00,0x59,0xFF,0xB8,
    0xA1,0xFF,0x8E,0x00,0x00,0x00,0x00,0x00,0x00,0x60,0xFF,0xB8,0x7E,0xFF,0xB8,0x00,
    0x00,0x00,0x00,0x00,0x00,0x7D,0xFF,0xB8,0x3B,0xFF,0xF8,0x1A,0x00,0x00,0x00,0x00,
    0x00,0xCC,0xFF,0xB8,0x00,0xC9,0xFF,0xC2,0x17,0x00,0x00,0x09,0x8C,0xFF,0xFF,0xB8,
    0x00,0x26,0xE7,0xFF,0xF9,0xCA,0xCA,0xF4,0xF7,0x90,0xFF,0xB8,0x00,0x00,0x19,0x95,
    0xE1,0xF9,0xEA,0xAA,0x2C,0x5E,0xFF,0xB8,0x00,0x00,0x00,0x00,0x00,0x00,0x00,0x00,
    0x00,0x69,0xFF,0xB4,0x00,0x00,0x00,0x00,0x00,0x00,0x00,0x00,0x00,0x8D,0xFF,0xA1,
    0x00,0x00,0x00,0x00,0x00,0x00,0x00,0x00,0x0A,0xE3,0xFF,0x6E,0x00,0x79,0x56,0x0C,
    0x00,0x00,0x00,0x0E,0xA7,0xFF,0xF5,0x16,0x00,0xAC,0xFF,0xFD,0xDC,0xC7,0xC9,0xF6,
    0xFF,0xFA,0x58,0x00,0x00,0x35,0x96,0xCD,0xEE,0xFB,0xF8,0xDE,0xA0,0x30,0x00,0x00,
    0xF4,0xFF,0x28,0x00,0x00,0x00,0x00,0x00,0x00,0x00,0x00,0xF4,0xFF,0x28,0x00,0x00,
    0x00,0x00,0x00,0x00,0x00,0x00,0xF4,0xFF,0x28,0x00,0x00,0x00,0x00,0x00,0x00,0x00,
    0x00,0xF4,0xFF,0x28,0x00,0x00,0x00,0x00,0x00,0x00,0x00,0x00,0xF4,0xFF,0x28,0x00,
    0x00,0x00,0x00,0x00,0x00,0x00,0x00,0xF4,0xFF,0x22,0x44,0xB6,0xED,0xF9,0xDF,0x99,
    0x1C,0x00,0xF4,0xFF,0x7A,0xFF,0xEE,0xC8,0xD7,0xFC,0xFF,0xE7,0x19,0xF4,0xFF,0xFE,
    0x72,0x03,0x00,0x00,0x2C,0xE5,0xFF,0x8B,0xF4,0xFF,0xAD,0x00,0x00,0x00,0x00,0x00,
    0x6E,0xFF,0xCA,0xF4,0xFF,0x5A,0x00,0x00,0x00,0x00,0x00,0x40,0xFF,0xDF,0xF4,0xFF,
    0x33,0x00,0x00,0x00,0x00,0x00,0x34,0xFF,0xE4,0xF4,0xFF,0x28,0x00,0x00,0x00,0x00,
    0x00,0x34,0xFF,0xE4,0xF4,0xFF,0x28,0x00,0x00,0x00,0x00,0x00,0x34,0xFF,0xE4,0xF4,
    0xFF,0x28,0x00,0x00,0x00,0x00,0x00,0x34,0xFF,0xE4,0xF4,0xFF,0x28,0x00,0x00,0x00,
    0x00,0x00,0x34,0xFF,0xE4,0xF4,0xFF,0x28,0x00,0x00,0x00,0x00,0x00,0x34,0xFF,0xE4,
    0xF4,0xFF,0x28,0x00,0x00,0x00,0x00,0x00,0x34,0xFF,0xE4,0xF4,0xFF,0x28,0x00,0x00,
    0x00,0x00,0x00,0x34,0xFF,0xE4,0x00,0x00,0x03,0xC4,0xE1,0x1B,0x17,0xFF,0xFF,0x4E,
    0x00,0x9C,0xB9,0x10,0x00,0x00,0x00,0x00,0x00,0x00,0x00,0x00,0x00,0xF4,0xFF,0x28,
    0x00,0xF4,0xFF,0x28,0x00,0xF4,0xFF,0x28,0x00,0xF4,0xFF,0x28,0x00,0xF4,0xFF,0x28,
    0x00,0xF4,0xFF,0x28,0x00,0xF4,0xFF,0x28,0x00,0xF4,0xFF,0x28,0x00,0xF4,0xFF,0x28,
    0x00,0xF4,0xFF,0x28,0x00,0xF4,0xFF,0x28,0x00,0xF4,0xFF,0x28,0x00,0xF4,0xFF,0x28,
    0x00,0x00,0x00,0x03,0xC4,0xE1,0x1B,0x00,0x00,0x00,0x17,0xFF,0xFF,0x4E,0x00,0x00,
    0x00,0x00,0x9C,0xB9,0x10,0x00,0x00,0x00,0x00,0x00,0x00,0x00,0x00,0x00,0x00,0x00,
    0x00,0x00,0x00,0x00,0x00,0x00,0x00,0xF4,0xFF,0x28,0x00,0x00,0x00,0x00,0xF4,0xFF,
    0x28,0x00,0x00,0x00,0x00,0xF4,0xFF,0x28,0x00,0x00,0x00,0x00,0xF4,0xFF,0x28,0x00,
    0x00,0x00,0x00,0xF4,0xFF,0x28,0x00,0x00,0x00,0x00,0xF4,0xFF,0x28,0x00,0x00,0x00,
    0x00,0xF4,0xFF,0x28,0x00,0x00,0x00,0x00,0xF4,0xFF,0x28,0x00,0x00,0x00,0x00,0xF4,
    0xFF,0x28,0x00,0x00,0x00,0x00,0xF4,0xFF,0x28,0x00,0x00,0x00,0x00,0xF4,0xFF,0x28,
    0x00,0x00,0x00,0x00,0xF4,0xFF,0x28,0x00,0x00,0x00,0x00,0xF4,0xFF,0x28,0x00,0x00,
    0x00,0x00,0xF4,0xFF,0x28,0x00,0x00,0x00,0x00,0xF4,0xFF,0x28,0x00,0x00,0x00,0x03,
    0xFB,0xFF,0x19,0x00,0x00,0x00,0x4B,0xFF,0xF2,0x01,0x4B,0xD2,0xCB,0xFC,0xFF,0x86,
    0x00,0x3C,0xE8,0xFB,0xE6,0x8E,0x07,0x00,0xF4,0xFF,0x20,0x00,0x00,0x00,0x00,0x00,
    0x00,0x00,0x00,0xF4,0xFF,0x20,0x00,0x00,0x00,0x00,0x00,0x00,0x00,0x00,0xF4,0xFF,
    0x20,0x00,0x00,0x00,0x00,0x00,0x00,0x00,0x00,0xF4,0xFF,0x20,0x00,0x00,0x00,0x00,
    0x00,0x00,0x00,0x00,0xF4,0xFF,0x20,0x00,0x00,0x00,0x00,0x00,0x00,0x00,0x00,0xF4,
    0xFF,0x20,0x00,0x00,0x00,0x03,0xB0,0xFF,0xBC,0x07,0xF4,0xFF,0x20,0x00,0x00,0x01,
    0xA2,0xFF,0xC8,0x0C,0x00,0xF4,0xFF,0x20,0x00,0x00,0x92,0xFF,0xD3,0x12,0x00,0x00,
    0xF4,0xFF,0x20,0x00,0x83,0xFF,0xDC,0x19,0x00,0x00,0x00,0xF4,0xFF,0x1D,0x6D,0xFF,
    0xE5,0x21,0x00,0x00,0x00,0x00,0xF4,0xFF,0x55,0xFC,0xFF,0x3F,0x00,0x00,0x00,0x00,
    0x00,0xF4,0xFF,0xEF,0xFF,0xFF,0xB9,0x01,0x00,0x00,0x00,0x00,0xF4,0xFF,0xD4,0x35,
    0xE7,0xFF,0x7A,0x00,0x00,0x00,0x00,0xF4,0xFF,0x27,0x00,0x43,0xFD,0xFC,0x3D,0x00,
    0x00,0x00,0xF4,0xFF,0x20,0x00,0x00,0x85,0xFF,0xE4,0x14,0x00,0x00,0xF4,0xFF,0x20,
    0x00,0x00,0x03,0xC4,0xFF,0xB7,0x01,0x00,0xF4,0xFF,0x20,0x00,0x00,0x00,0x1D,0xED,
    0xFF,0x78,0x00,0xF4,0xFF,0x20,0x00,0x00,0x00,0x00,0x4F,0xFF,0xFB,0x3C,0x00,0x00,
    0xF4,0xFF,0x28,0xF4,0xFF,0x28,0xF4,0xFF,0x28,0xF4,0xFF,0x28,0xF4,0xFF,0x28,0xF4,
    0xFF,0x28,0xF4,0xFF,0x28,0xF4,0xFF,0x28,0xF4,0xFF,0x28,0xF4,0xFF,0x28,0xF4,0xFF,
    0x28,0xF4,0xFF,0x28,0xF4,0xFF,0x28,0xF4,0xFF,0x28,0xF4,0xFF,0x28,0xF4,0xFF,0x28,
    0xF4,0xFF,0x28,0xF4,0xFF,0x28,0x00,0x00,0xF4,0xD3,0x00,0x4F,0xC1,0xF2,0xF2,0xCB,
    0x64,0x00,0x00,0x4C,0xBA,0xEE,0xF9,0xD9,0x82,0x07,0x00,0xF4,0xF9,0x75,0xFF,0xE4,
    0xC7,0xE9,0xFF,0xFF,0x7E,0x76,0xFF,0xED,0xC7,0xDE,0xFF,0xFF,0xAE,0x00,0xF4,0xFF,
    0xFC,0x5C,0x00,0x00,0x03,0x8E,0xFF,0xFB,0xFD,0x7B,0x03,0x00,0x00,0x5E,0xFF,0xFF,
    0x2E,0xF4,0xFF,0xA3,0x00,0x00,0x00,0x00,0x08,0xF3,0xFF,0xCC,0x00,0x00,0x00,0x00,
    0x00,0xCB,0xFF,0x67,0xF4,0xFF,0x55,0x00,0x00,0x00,0x00,0x00,0xD2,0xFF,0x79,0x00,
    0x00,0x00,0x00,0x00,0xA1,0xFF,0x7C,0xF4,0xFF,0x32,0x00,0x00,0x00,0x00,0x00,0xC8,
    0xFF,0x5C,0x00,0x00,0x00,0x00,0x00,0x98,0xFF,0x80,0xF4,0xFF,0x28,0x00,0x00,0x00,
    0x00,0x00,0xC8,0xFF,0x50,0x00,0x00,0x00,0x00,0x00,0x98,0xFF,0x80,0xF4,0xFF,0x28,
    0x00,0x00,0x00,0x00,0x00,0xC8,0xFF,0x50,0x00,0x00,0x00,0x00,0x00,0x98,0xFF,0x80,
    0xF4,0xFF,0x28,0x00,0x00,0x00,0x00,0x00,0xC8,0xFF,0x50,0x00,0x00,0x00,0x00,0x00,
    0x98,0xFF,0x80,0xF4,0xFF,0x28,0x00,0x00,0x00,0x00,0x00,0xC8,0xFF,0x50,0x00,0x00,
    0x00,0x00,0x00,0x98,0xFF,0x80,0xF4,0xFF,0x28,0x00,0x00,0x00,0x00,0x00,0xC8,0xFF,
    0x50,0x00,0x00,0x00,0x00,0x00,0x98,0xFF,0x80,0xF4,0xFF,0x28,0x00,0x00,0x00,0x00,
    0x00,0xC8,0xFF,0x50,0x00,0x00,0x00,0x00,0x00,0x98,0xFF,0x80,0xF4,0xFF,0x28,0x00,
    0x00,0x00,0x00,0x00,0xC8,0xFF,0x50,0x00,0x00,0x00,0x00,0x00,0x98,0xFF,0x80,0x00,
    0xF4,0xD3,0x00,0x43,0xB4,0xEC,0xFA,0xE1,0x99,0x1B,0x00,0xF4,0xF9,0x71,0xFF,0xEF,
    0xC8,0xD7,0xFC,0xFF,0xE5,0x18,0xF4,0xFF,0xFF,0x75,0x03,0x00,0x00,0x2C,0xE5,0xFF,
    0x89,0xF4,0xFF,0xB0,0x00,0x00,0x00,0x00,0x00,0x6E,0xFF,0xC9,0xF4,0xFF,0x5A,0x00,
    0x00,0x00,0x00,0x00,0x40,0xFF,0xDF,0xF4,0xFF,0x34,0x00,0x00,0x00,0x00,0x00,0x34,
    0xFF,0xE4,0xF4,0xFF,0x28,0x00,0x00,0x00,0x00,0x00,0x34,0xFF,0xE4,0xF4,0xFF,0x28,
    0x00,0x00,0x00,0x00,0x00,0x34,0xFF,0xE4,0xF4,0xFF,0x28,0x00,0x00,0x00,0x00,0x00,
    0x34,0xFF,0xE4,0xF4,0xFF,0x28,0x00,0x00,0x00,0x00,0x00,0x34,0xFF,0xE4,0xF4,0xFF,
    0x28,0x00,0x00,0x00,0x00,0x00,0x34,0xFF,0xE4,0xF4,0xFF,0x28,0x00,0x00,0x00,0x00,
    0x00,0x34,0xFF,0xE4,0xF4,0xFF,0x28,0x00,0x00,0x00,0x00,0x00,0x34,0xFF,0xE4,0x00,
    0x00,0x00,0x06,0x69,0xC3,0xEF,0xF7,0xDB,0x95,0x26,0x00,0x00,0x00,0x00,0x11,0xC7,
    0xFF,0xFE,0xD4,0xC7,0xEC,0xFF,0xF5,0x56,0x00,0x00,0x00,0xAF,0xFF,0xCF,0x23,0x00,
    0x00,0x02,0x6F,0xFE,0xF8,0x2D,0x00,0x2E,0xFF,0xFF,0x2D,0x00,0x00,0x00,0x00,0x00,
    0xA6,0xFF,0xA9,0x00,0x79,0xFF,0xC3,0x00,0x00,0x00,0x00,0x00,0x00,0x3A,0xFF,0xF6,
    0x06,0x9F,0xFF,0x9B,0x00,0x00,0x00,0x00,0x00,0x00,0x12,0xFF,0xFF,0x1F,0xAA,0xFF,
    0x87,0x00,0x00,0x00,0x00,0x00,0x00,0x00,0xFB,0xFF,0x32,0x96,0xFF,0x9D,0x00,0x00,
    0x00,0x00,0x00,0x00,0x13,0xFF,0xFF,0x25,0x71,0xFF,0xC7,0x00,0x00,0x00,0x00,0x00,
    0x00,0x3E,0xFF,0xF6,0x06,0x1E,0xFE,0xFF,0x2F,0x00,0x00,0x00,0x00,0x00,0xA9,0xFF,
    0xAF,0x00,0x00,0x96,0xFF,0xD1,0x24,0x00,0x00,0x02,0x70,0xFE,0xFA,0x33,0x00,0x00,
    0x09,0xB4,0xFF,0xFE,0xD3,0xC6,0xEB,0xFF,0xFA,0x5C,0x00,0x00,0x00,0x00,0x01,0x5E,
    0xBF,0xEB,0xF9,0xE0,0x9D,0x2A,0x00,0x00,0x00,0x00,0x00,0x00,0xF4,0xD6,0x00,0x45,
    0xBD,0xED,0xF7,0xD3,0x77,0x08,0x00,0x00,0xF4,0xF9,0x66,0xFE,0xE9,0xC6,0xD7,0xFF,
    0xFF,0xC6,0x0A,0x00,0xF4,0xFF,0xFC,0x64,0x01,0x00,0x00,0x37,0xEC,0xFF,0x8F,0x00,
    0xF4,0xFF,0x9F,0x00,0x00,0x00,0x00,0x00,0x68,0xFF,0xF4,0x0B,0xF4,0xFF,0x4F,0x00,
    0x00,0x00,0x00,0x00,0x0A,0xF8,0xFF,0x3F,0xF4,0xFF,0x2F,0x00,0x00,0x00,0x00,0x00,
    0x00,0xDB,0xFF,0x60,0xF4,0xFF,0x29,0x00,0x00,0x00,0x00,0x00,0x00,0xC5,0xFF,0x6B,
    0xF4,0xFF,0x35,0x00,0x00,0x00,0x00,0x00,0x00,0xD5,0xFF,0x5F,0xF4,0xFF,0x5D,0x00,
    0x00,0x00,0x00,0x00,0x0B,0xFB,0xFF,0x3C,0xF4,0xFF,0xB0,0x00,0x00,0x00,0x00,0x00,
    0x67,0xFF,0xF2,0x09,0xF4,0xFF,0xFF,0x6E,0x02,0x00,0x00,0x41,0xF1,0xFF,0x89,0x00,
    0xF4,0xFF,0x8F,0xFF,0xEB,0xC7,0xD9,0xFF,0xFF,0xC1,0x09,0x00,0xF4,0xFF,0x1B,0x51,
    0xC1,0xF0,0xF7,0xD2,0x75,0x07,0x00,0x00,0xF4,0xFF,0x26,0x00,0x00,0x00,0x00,0x00,
    0x00,0x00,0x00,0x00,0xF4,0xFF,0x28,0x00,0x00,0x00,0x00,0x00,0x00,0x00,0x00,0x00,
    0xF4,0xFF,0x28,0x00,0x00,0x00,0x00,0x00,0x00,0x00,0x00,0x00,0xF4,0xFF,0x28,0x00,
    0x00,0x00,0x00,0x00,0x00,0x00,0x00,0x00,0xF4,0xFF,0x28,0x00,0x00,0x00,0x00,0x00,
    0x00,0x00,0x00,0x00,0xF4,0xFF,0x28,0x00,0x00,0x00,0x00,0x00,0x00,0x00,0x00,0x00,
    0x00,0x00,0x14,0x8E,0xDE,0xF8,0xE7,0xA5,0x26,0x09,0xFE,0xB8,0x00,0x23,0xE2,0xFF,
    0xF9,0xCB,0xCC,0xF7,0xF3,0x65,0xFF,0xB8,0x00,0xC8,0xFF,0xC9,0x19,0x00,0x00,0x0D,
    0xA4,0xFF,0xFF,0xB8,0x3B,0xFF,0xFF,0x2A,0x00,0x00,0x00,0x00,0x07,0xE5,0xFF,0xB8,
    0x7E,0xFF,0xC5,0x00,0x00,0x00,0x00,0x00,0x00,0x97,0xFF,0xB8,0xA0,0xFF,0x9C,0x00,
    0x00,0x00,0x00,0x00,0x00,0x6F,0xFF,0xB8,0xAC,0xFF,0x86,0x00,0x00,0x00,0x00,0x00,
    0x00,0x61,0xFF,0xB8,0xA1,0xFF,0x99,0x00,0x00,0x00,0x00,0x00,0x00,0x68,0xFF,0xB8,
    0x80,0xFF,0xBE,0x00,0x00,0x00,0x00,0x00,0x00,0x88,0xFF,0xB8,0x40,0xFF,0xFD,0x21,
    0x00,0x00,0x00,0x00,0x02,0xD6,0xFF,0xB8,0x01,0xCF,0xFF,0xC0,0x15,0x00,0x00,0x09,
    0x92,0xFF,0xFF,0xB8,0x00,0x29,0xE8,0xFF,0xF8,0xCA,0xC9,0xF4,0xF3,0x88,0xFF,0xB8,
    0x00,0x00,0x1A,0x96,0xE2,0xFA,0xE7,0xA4,0x25,0x61,0xFF,0xB8,0x00,0x00,0x00,0x00,
    0x00,0x00,0x00,0x00,0x00,0x64,0xFF,0xB8,0x00,0x00,0x00,0x00,0x00,0x00,0x00,0x00,
    0x00,0x64,0xFF,0xB8,0x00,0x00,0x00,0x00,0x00,0x00,0x00,0x00,0x00,0x64,0xFF,0xB8,
    0x00,0x00,0x00,0x00,0x00,0x00,0x00,0x00,0x00,0x64,0xFF,0xB8,0x00,0x00,0x00,0x00,
    0x00,0x00,0x00,0x00,0x00,0x64,0xFF,0xB8,0x00,0x00,0x00,0x00,0x00,0x00,0x00,0x00,
    0x00,0x64,0xFF,0xB8,0xF4,0xD0,0x00,0x1F,0xA5,0xEA,0xF8,0x6E,0xF4,0xE9,0x29,0xE8,
    0xFA,0xCE,0xD9,0x5B,0xF4,0xFE,0xD5,0xBE,0x1C,0x00,0x00,0x01,0xF4,0xFF,0xDC,0x0A,
    0x00,0x00,0x00,0x00,0xF4,0xFF,0x6C,0x00,0x00,0x00,0x00,0x00,0xF4,0xFF,0x37,0x00,
    0x00,0x00,0x00,0x00,0xF4,0xFF,0x28,0x00,0x00,0x00,0x00,0x00,0xF4,0xFF,0x28,0x00,
    0x00,0x00,0x00,0x00,0xF4,0xFF,0x28,0x00,0x00,0x00,0x00,0x00,0xF4,0xFF,0x28,0x00,
    0x00,0x00,0x00,0x00,0xF4,0xFF,0x28,0x00,0x00,0x00,0x00,0x00,0xF4,0xFF,0x28,0x00,
    0x00,0x00,0x00,0x00,0xF4,0xFF,0x28,0x00,0x00,0x00,0x00,0x00,0x00,0x1E,0x89,0xD3,
    0xF0,0xF2,0xD5,0xA7,0x53,0x04,0x2F,0xF1,0xFF,0xEE,0xC9,0xCB,0xF4,0xFF,0xE4,0x03,
    0xA6,0xFF,0x9A,0x05,0x00,0x00,0x05,0x4D,0x54,0x00,0xBE,0xFF,0x4C,0x00,0x00,0x00,
    0x00,0x00,0x00,0x00,0x84,0xFF,0xD6,0x37,0x00,0x00,0x00,0x00,0x00,0x00,0x09,0xB1,
    0xFF,0xFF,0xC6,0x63,0x0B,0x00,0x00,0x00,0x00,0x00,0x49,0xB9,0xFD,0xFF,0xF1,0x82,
    0x08,0x00,0x00,0x00,0x00,0x00,0x20,0x88,0xF3,0xFF,0xC3,0x03,0x00,0x00,0x00,0x00,
    0x00,0x00,0x21,0xE8,0xFF,0x49,0x00,0x00,0x00,0x00,0x00,0x00,0x00,0xAD,0xFF,0x63,
    0x6C,0x3D,0x03,0x00,0x00,0x00,0x3A,0xF1,0xFF,0x36,0xC0,0xFF,0xF4,0xCE,0xC5,0xDE,
    0xFF,0xFF,0x9E,0x00,0x3A,0x9E,0xDD,0xF7,0xF8,0xDE,0xB2,0x4C,0x01,0x00,0x00,0x00,
    0x00,0x00,0x14,0xFD,0x50,0x00,0x00,0x00,0x00,0x00,0x00,0x5F,0xFF,0x50,0x00,0x00,
    0x00,0x00,0x00,0x01,0xB0,0xFF,0x50,0x00,0x00,0x00,0x00,0x46,0xD3,0xFF,0xFF,0xFF,
    0xFF,0xFF,0xFF,0x0C,0x75,0xC0,0xF3,0xFF,0xD4,0xC0,0xC0,0xC0,0x09,0x00,0x00,0xCC,
    0xFF,0x50,0x00,0x00,0x00,0x00,0x00,0x00,0xCC,0xFF,0x50,0x00,0x00,0x00,0x00,0x00,
    0x00,0xCC,0xFF,0x50,0x00,0x00,0x00,0x00,0x00,0x00,0xCC,0xFF,0x50,0x00,0x00,0x00,
    0x00,0x00,0x00,0xCC,0xFF,0x50,0x00,0x00,0x00,0x00,0x00,0x00,0xCC,0xFF,0x50,0x00,
    0x00,0x00,0x00,0x00,0x00,0xCC,0xFF,0x50,0x00,0x00,0x00,0x00,0x00,0x00,0xC2,0xFF,
    0x61,0x00,0x00,0x00,0x00,0x00,0x00,0x9D,0xFF,0xC2,0x09,0x00,0x00,0x00,0x00,0x00,
    0x35,0xFA,0xFF,0xEA,0xC5,0xDC,0x23,0x00,0x00,0x00,0x45,0xC4,0xF5,0xF6,0xD3,0x17,
    0x1C,0xFF,0xFF,0x08,0x00,0x00,0x00,0x00,0x00,0x50,0xFF,0xCC,0x1C,0xFF,0xFF,0x08,
    0x00,0x00,0x00,0x00,0x00,0x50,0xFF,0xCC,0x1C,0xFF,0xFF,0x08,0x00,0x00,0x00,0x00,
    0x00,0x50,0xFF,0xCC,0x1C,0xFF,0xFF,0x08,0x00,0x00,0x00,0x00,0x00,0x50,0xFF,0xCC,
    0x1C,0xFF,0xFF,0x08,0x00,0x00,0x00,0x00,0x00,0x50,0xFF,0xCC,0x1C,0xFF,0xFF,0x08,
    0x00,0x00,0x00,0x00,0x00,0x50,0xFF,0xCC,0x1C,0xFF,0xFF,0x08,0x00,0x00,0x00,0x00,
    0x00,0x50,0xFF,0xCC,0x1C,0xFF,0xFF,0x08,0x00,0x00,0x00,0x00,0x00,0x5C,0xFF,0xCC,
    0x18,0xFF,0xFF,0x12,0x00,0x00,0x00,0x00,0x00,0x83,0xFF,0xCC,0x07,0xFC,0xFF,0x3F,
    0x00,0x00,0x00,0x00,0x02,0xD7,0xFF,0xCC,0x00,0xC5,0xFF,0xC9,0x17,0x00,0x00,0x0A,
    0x97,0xFF,0xFF,0xCC,0x00,0x41,0xFB,0xFF,0xF6,0xCF,0xCC,0xF6,0xFC,0x7A,0xFF,0xCC,
    0x00,0x00,0x37,0xAF,0xEA,0xFB,0xE8,0xA9,0x31,0x07,0xFC,0xCC,0xD0,0xFF,0x6D,0x00,
    0x00,0x00,0x00,0x00,0x00,0x3E,0xFF,0xF3,0x0B,0x71,0xFF,0xC8,0x00,0x00,0x00,0x00,
    0x00,0x00,0x99,0xFF,0x9F,0x00,0x15,0xFA,0xFF,0x24,0x00,0x00,0x00,0x00,0x06,0xEE,
    0xFF,0x3F,0x00,0x00,0xB1,0xFF,0x7F,0x00,0x00,0x00,0x00,0x50,0xFF,0xDD,0x01,0x00,
    0x00,0x51,0xFF,0xDA,0x00,0x00,0x00,0x00,0xAC,0xFF,0x7E,0x00,0x00,0x00,0x05,0xEB,
    0xFF,0x36,0x00,0x00,0x0F,0xF7,0xFE,0x1F,0x00,0x00,0x00,0x00,0x91,0xFF,0x91,0x00,
    0x00,0x63,0xFF,0xBD,0x00,0x00,0x00,0x00,0x00,0x30,0xFF,0xE9,0x03,0x00,0xBD,0xFF,
    0x5D,0x00,0x00,0x00,0x00,0x00,0x00,0xD0,0xFF,0x45,0x19,0xFD,0xF2,0x0A,0x00,0x00,
    0x00,0x00,0x00,0x00,0x71,0xFF,0x97,0x6E,0xFF,0x9C,0x00,0x00,0x00,0x00,0x00,0x00,
    0x00,0x15,0xFA,0xE1,0xBA,0xFF,0x3C,0x00,0x00,0x00,0x00,0x00,0x00,0x00,0x00,0xB1,
    0xFF,0xFD,0xDB,0x00,0x00,0x00,0x00,0x00,0x00,0x00,0x00,0x00,0x50,0xFF,0xFF,0x7C,
    0x00,0x00,0x00,0x00,0x00,0x00,0x00,0x00,0x9A,0xFF,0x94,0x00,0x00,0x00,0x00,0x00,
    0xDB,0xFF,0xC1,0x00,0x00,0x00,0x00,0x00,0xB2,0xFF,0x74,0x54,0xFF,0xD5,0x00,0x00,
    0x00,0x00,0x2B,0xFF,0xFF,0xFC,0x12,0x00,0x00,0x00,0x03,0xF0,0xFF,0x2E,0x11,0xFD,
    0xFF,0x17,0x00,0x00,0x00,0x7A,0xFF,0xD0,0xFF,0x5B,0x00,0x00,0x00,0x36,0xFF,0xE7,
    0x00,0x00,0xC9,0xFF,0x57,0x00,0x00,0x00,0xC9,0xFF,0x60,0xFF,0xA8,0x00,0x00,0x00,
    0x78,0xFF,0xA2,0x00,0x00,0x83,0xFF,0x98,0x00,0x00,0x19,0xFE,0xD6,0x09,0xF6,0xF0,
    0x05,0x00,0x00,0xBB,0xFF,0x5C,0x00,0x00,0x3E,0xFF,0xD9,0x00,0x00,0x67,0xFF,0x8D,
    0x00,0xB5,0xFF,0x42,0x00,0x06,0xF6,0xFE,0x17,0x00,0x00,0x05,0xF3,0xFF,0x1B,0x00,
    0xB7,0xFF,0x3E,0x00,0x68,0xFF,0x8F,0x00,0x3F,0xFF,0xCF,0x00,0x00,0x00,0x00,0xB3,
    0xFF,0x59,0x0B,0xF8,0xEA,0x03,0x00,0x1C,0xFF,0xDB,0x00,0x81,0xFF,0x89,0x00,0x00,
    0x00,0x00,0x6D,0xFF,0x96,0x4C,0xFF,0x9C,0x00,0x00,0x00,0xCE,0xFF,0x21,0xC1,0xFF,
    0x43,0x00,0x00,0x00,0x00,0x28,0xFF,0xD0,0x8D,0xFF,0x4B,0x00,0x00,0x00,0x81,0xFF,
    0x6B,0xF7,0xF5,0x07,0x00,0x00,0x00,0x00,0x00,0xE2,0xFB,0xD0,0xF3,0x07,0x00,0x00,
    0x00,0x34,0xFF,0xD0,0xFF,0xB7,0x00,0x00,0x00,0x00,0x00,0x00,0x9D,0xFF,0xFF,0xA9,
    0x00,0x00,0x00,0x00,0x01,0xE6,0xFF,0xFF,0x71,0x00,0x00,0x00,0x00,0x00,0x00,0x57,
    0xFF,0xFF,0x58,0x00,0x00,0x00,0x00,0x00,0x9A,0xFF,0xFF,0x2B,0x00,0x00,0x00,0x00,
    0x17,0xEA,0xFF,0x61,0x00,0x00,0x00,0x00,0x00,0xB1,0xFF,0xAE,0x00,0x00,0x4F,0xFF,
    0xF1,0x1D,0x00,0x00,0x00,0x5D,0xFF,0xE6,0x13,0x00,0x00,0x00,0x9C,0xFF,0xBA,0x00,
    0x00,0x19,0xEE,0xFE,0x47,0x00,0x00,0x00,0x00,0x0C,0xDC,0xFF,0x68,0x00,0xB3,0xFF,
    0x92,0x00,0x00,0x00,0x00,0x00,0x00,0x39,0xFC,0xF3,0x7E,0xFF,0xD6,0x09,0x00,0x00,
    0x00,0x00,0x00,0x00,0x00,0x82,0xFF,0xFF,0xFA,0x31,0x00,0x00,0x00,0x00,0x00,0x00,
    0x00,0x00,0x1B,0xFC,0xFF,0xC4,0x00,0x00,0x00,0x00,0x00,0x00,0x00,0x00,0x00,0xB3,
    0xFF,0xF9,0xFF,0x64,0x00,0x00,0x00,0x00,0x00,0x00,0x00,0x68,0xFF,0xD9,0x3C,0xFB,
    0xF4,0x24,0x00,0x00,0x00,0x00,0x00,0x26,0xF5,0xFC,0x38,0x00,0x81,0xFF,0xC8,0x04,
    0x00,0x00,0x00,0x04,0xCA,0xFF,0x85,0x00,0x00,0x05,0xCE,0xFF,0x81,0x00,0x00,0x00,
    0x83,0xFF,0xD0,0x06,0x00,0x00,0x00,0x2D,0xF9,0xFC,0x38,0x00,0x39,0xFC,0xF9,0x2E,
    0x00,0x00,0x00,0x00,0x00,0x7A,0xFF,0xDC,0x0C,0x00,0x00,0x00,0xC6,0xFF,0x76,0x00,
    0x00,0x00,0x00,0x00,0x00,0x39,0xFF,0xF9,0x12,0x62,0xFF,0xD5,0x00,0x00,0x00,0x00,
    0x00,0x00,0x92,0xFF,0xAD,0x00,0x0B,0xF2,0xFF,0x34,0x00,0x00,0x00,0x00,0x03,0xE8,
    0xFF,0x4E,0x00,0x00,0x9A,0xFF,0x93,0x00,0x00,0x00,0x00,0x45,0xFF,0xEA,0x05,0x00,
    0x00,0x36,0xFF,0xEC,0x05,0x00,0x00,0x00,0x9E,0xFF,0x91,0x00,0x00,0x00,0x00,0xD1,
    0xFF,0x50,0x00,0x00,0x07,0xEF,0xFF,0x32,0x00,0x00,0x00,0x00,0x6E,0xFF,0xAF,0x00,
    0x00,0x50,0xFF,0xD3,0x00,0x00,0x00,0x00,0x00,0x11,0xF7,0xFA,0x13,0x00,0xA8,0xFF,
    0x74,0x00,0x00,0x00,0x00,0x00,0x00,0xA6,0xFF,0x65,0x07,0xF2,0xFC,0x19,0x00,0x00,
    0x00,0x00,0x00,0x00,0x42,0xFF,0xB8,0x4B,0xFF,0xB7,0x00,0x00,0x00,0x00,0x00,0x00,
    0x00,0x01,0xDC,0xF5,0x9E,0xFF,0x58,0x00,0x00,0x00,0x00,0x00,0x00,0x00,0x00,0x7A,
    0xFF,0xFC,0xF0,0x08,0x00,0x00,0x00,0x00,0x00,0x00,0x00,0x00,0x19,0xFC,0xFF,0x9A,
    0x00,0x00,0x00,0x00,0x00,0x00,0x00,0x00,0x00,0x03,0xE9,0xFF,0x3B,0x00,0x00,0x00,
    0x00,0x00,0x00,0x00,0x00,0x00,0x4A,0xFF,0xDC,0x00,0x00,0x00,0x00,0x00,0x00,0x00,
    0x00,0x00,0x00,0xBF,0xFF,0x6F,0x00,0x00,0x00,0x00,0x00,0x00,0x00,0x00,0x02,0x7E,
    0xFF,0xE6,0x0A,0x00,0x00,0x00,0x00,0x00,0x00,0x9A,0xC3,0xE4,0xFF,0xFC,0x40,0x00,
    0x00,0x00,0x00,0x00,0x00,0x00,0xA4,0xF8,0xF6,0xC3,0x43,0x00,0x00,0x00,0x00,0x00,
    0x00,0x00,0x00,0x00,0x00,0xA8,0xFF,0xFF,0xFF,0xFF,0xFF,0xFF,0xFF,0xFF,0x2C,0x00,
    0x7E,0xC0,0xC0,0xC0,0xC0,0xC0,0xCF,0xFF,0xFF,0x24,0x00,0x00,0x00,0x00,0x00,0x00,
    0x00,0xAF,0xFF,0x9A,0x00,0x00,0x00,0x00,0x00,0x00,0x00,0x65,0xFF,0xD8,0x0A,0x00,
    0x00,0x00,0x00,0x00,0x00,0x25,0xF4,0xFA,0x33,0x00,0x00,0x00,0x00,0x00,0x00,0x04,
    0xCA,0xFF,0x76,0x00,0x00,0x00,0x00,0x00,0x00,0x00,0x84,0xFF,0xBD,0x02,0x00,0x00,
    0x00,0x00,0x00,0x00,0x3C,0xFC,0xED,0x1B,0x00,0x00,0x00,0x00,0x00,0x00,0x0E,0xDF,
    0xFF,0x52,0x00,0x00,0x00,0x00,0x00,0x00,0x00,0xA3,0xFF,0x9B,0x00,0x00,0x00,0x00,
    0x00,0x00,0x00,0x58,0xFF,0xD9,0x0B,0x00,0x00,0x00,0x00,0x00,0x00,0x08,0xEF,0xFF,
    0xDC,0xC0,0xC0,0xC0,0xC0,0xC0,0xC0,0x42,0x10,0xFF,0xFF,0xFF,0xFF,0xFF,0xFF,0xFF,
    0xFF,0xFF,0x58,0x00,0x00,0x00,0x00,0x00,0x03,0x5B,0xBF,0xE6,0x5A,0x00,0x00,0x00,
    0x00,0xAD,0xFF,0xFF,0xDB,0x46,0x00,0x00,0x00,0x38,0xFF,0xF9,0x43,0x00,0x00,0x00,
    0x00,0x00,0x62,0xFF,0xC1,0x00,0x00,0x00,0x00,0x00,0x00,0x68,0xFF,0xB0,0x00,0x00,
    0x00,0x00,0x00,0x00,0x68,0xFF,0xB0,0x00,0x00,0x00,0x00,0x00,0x00,0x68,0xFF,0xB0,
    0x00,0x00,0x00,0x00,0x00,0x00,0x7B,0xFF,0xA4,0x00,0x00,0x00,0x00,0x00,0x1E,0xDB,
    0xFF,0x63,0x00,0x00,0x00,0x40,0xD4,0xFC,0xEC,0x83,0x02,0x00,0x00,0x00,0x54,0xFF,
    0xFF,0xAE,0x3A,0x00,0x00,0x00,0x00,0x01,0x16,0x64,0xF8,0xFB,0x37,0x00,0x00,0x00,
    0x00,0x00,0x00,0x90,0xFF,0x96,0x00,0x00,0x00,0x00,0x00,0x00,0x6A,0xFF,0xAF,0x00,
    0x00,0x00,0x00,0x00,0x00,0x68,0xFF,0xB0,0x00,0x00,0x00,0x00,0x00,0x00,0x68,0xFF,
    0xB0,0x00,0x00,0x00,0x00,0x00,0x00,0x67,0xFF,0xB1,0x00,0x00,0x00,0x00,0x00,0x00,
    0x59,0xFF,0xD2,0x00,0x00,0x00,0x00,0x00,0x00,0x1D,0xFB,0xFF,0x85,0x1A,0x01,0x00,
    0x00,0x00,0x00,0x6D,0xFA,0xFF,0xFF,0x5C,0x00,0x00,0x00,0x00,0x00,0x1E,0x80,0xA6,
    0x43,0x00,0x00,0x00,0x44,0xFF,0x7C,0x44,0xFF,0x7C,0x44,0xFF,0x7C,0x44,0xFF,0x7C,
    0x44,0xFF,0x7C,0x44,0xFF,0x7C,0x44,0xFF,0x7C,0x44,0xFF,0x7C,0x44,0xFF,0x7C,0x44,
    0xFF,0x7C,0x44,0xFF,0x7C,0x44,0xFF,0x7C,0x44,0xFF,0x7C,0x44,0xFF,0x7C,0x44,0xFF,
    0x7C,0x44,0xFF,0x7C,0x44,0xFF,0x7C,0x44,0xFF,0x7C,0x44,0xFF,0x7C,0x44,0xFF,0x7C,
    0x44,0xFF,0x7C,0x44,0xFF,0x7C,0x44,0xFF,0x7C,0x44,0xFF,0x7C,0x3B,0xEA,0xC9,0x6D,
    0x09,0x00,0x00,0x00,0x00,0x2D,0xD5,0xFE,0xFF,0xC8,0x05,0x00,0x00,0x00,0x00,0x00,
    0x2E,0xEE,0xFF,0x55,0x00,0x00,0x00,0x00,0x00,0x00,0xA1,0xFF,0x7E,0x00,0x00,0x00,
    0x00,0x00,0x00,0x90,0xFF,0x84,0x00,0x00,0x00,0x00,0x00,0x00,0x90,0xFF,0x84,0x00,
    0x00,0x00,0x00,0x00,0x00,0x90,0xFF,0x84,0x00,0x00,0x00,0x00,0x00,0x00,0x85,0xFF,
    0x98,0x00,0x00,0x00,0x00,0x00,0x00,0x46,0xFF,0xEC,0x2F,0x00,0x00,0x00,0x00,0x00,
    0x00,0x71,0xE8,0xFF,0xD9,0x59,0x00,0x00,0x00,0x00,0x28,0x9C,0xFE,0xFF,0x74,0x00,
    0x00,0x00,0x1D,0xF2,0xFD,0x72,0x1A,0x02,0x00,0x00,0x00,0x76,0xFF,0xA9,0x00,0x00,
    0x00,0x00,0x00,0x00,0x8F,0xFF,0x85,0x00,0x00,0x00,0x00,0x00,0x00,0x90,0xFF,0x84,
    0x00,0x00,0x00,0x00,0x00,0x00,0x90,0xFF,0x84,0x00,0x00,0x00,0x00,0x00,0x00,0x91,
    0xFF,0x83,0x00,0x00,0x00,0x00,0x00,0x00,0xB5,0xFF,0x74,0x00,0x00,0x00,0x00,0x15,
    0x72,0xFE,0xFE,0x30,0x00,0x00,0x00,0x3C,0xFF,0xFF,0xFC,0x7B,0x00,0x00,0x00,0x00,
    0x2C,0xA9,0x84,0x22,0x00,0x00,0x00,0x00,0x00,0x00,0x00,0x00,0x2A,0xB1,0xF1,0xF5,
    0xD8,0x95,0x3C,0x01,0x00,0x00,0x55,0x6A,0xCA,0xFE,0xD0,0xD1,0xF7,0xFF,0xFF,0xE9,
    0xC8,0xE1,0xFF,0x7C,0x95,0x29,0x00,0x00,0x09,0x57,0xAA,0xE2,0xF9,0xE5,0x8C,0x0B,
};

leRasterFont NotoSans_Regular =
{
    {
        {
            LE_STREAM_LOCATION_ID_INTERNAL, // data location id
            (void*)NotoSans_Regular_glyphs, // glyph table variable pointer
            16912, // data size
        },
        LE_RASTER_FONT,
        0,
    },
    25,
    18,
    LE_FONT_BPP_8, // bits per pixel
    NotoSans_Regular_data, // kerning table
};

