#include "gfx/legato/generated/le_gen_assets.h"

/*********************************
 * Legato Font Asset
 * Name:         Font0
 * Height:       19
 * Baseline:     14
 * Style:        Antialias
 * Glyph Count:  95
 * Range Count:  1
 * Glyph Ranges: 0x20-0x7E
 *********************************/
/*********************************
 * font glyph kerning table description
 *
 * unsigned int - number of glyphs
 * for each glyph:
 *     unsigned short - codepoint         * the glyph's codepoint
 *     short          - width             * the glyph's width in pixels
 *     short          - height            * the glyph's height in pixels
 *     short          - advance           * the glyph's advance value in pixels
 *     short          - bearingX          * the glyph's bearing value in pixels on the X axis
 *     short          - bearingY          * the glyph's bearing value in pixels on the Y axis
 *     unsigned short - flags             * status flags for this glyph
 *     unsigned short - data row width    * the size of a row of glyph data in bytes
 *     unsigned int   - data table offset * the offset into the corresponding font data table
 ********************************/
const uint8_t Font0_data[1904] =
{
    0x5F,0x00,0x00,0x00,0x20,0x00,0x00,0x00,0x00,0x00,0x05,0x00,0x00,0x00,0x00,0x00,
    0x00,0x00,0x00,0x00,0x00,0x00,0x00,0x00,0x21,0x00,0x04,0x00,0x0D,0x00,0x05,0x00,
    0x01,0x00,0x0D,0x00,0x00,0x00,0x04,0x00,0x00,0x00,0x00,0x00,0x22,0x00,0x07,0x00,
    0x05,0x00,0x09,0x00,0x01,0x00,0x0D,0x00,0x00,0x00,0x07,0x00,0x34,0x00,0x00,0x00,
    0x23,0x00,0x0C,0x00,0x0D,0x00,0x0C,0x00,0x00,0x00,0x0D,0x00,0x00,0x00,0x0C,0x00,
    0x58,0x00,0x00,0x00,0x24,0x00,0x0A,0x00,0x0F,0x00,0x0A,0x00,0x00,0x00,0x0E,0x00,
    0x00,0x00,0x0A,0x00,0xF4,0x00,0x00,0x00,0x25,0x00,0x10,0x00,0x0D,0x00,0x10,0x00,
    0x00,0x00,0x0D,0x00,0x00,0x00,0x10,0x00,0x8C,0x01,0x00,0x00,0x26,0x00,0x0E,0x00,
    0x0D,0x00,0x0E,0x00,0x00,0x00,0x0D,0x00,0x00,0x00,0x0E,0x00,0x5C,0x02,0x00,0x00,
    0x27,0x00,0x03,0x00,0x05,0x00,0x05,0x00,0x01,0x00,0x0D,0x00,0x00,0x00,0x03,0x00,
    0x14,0x03,0x00,0x00,0x28,0x00,0x06,0x00,0x10,0x00,0x06,0x00,0x00,0x00,0x0D,0x00,
    0x00,0x00,0x06,0x00,0x24,0x03,0x00,0x00,0x29,0x00,0x06,0x00,0x10,0x00,0x06,0x00,
    0x00,0x00,0x0D,0x00,0x00,0x00,0x06,0x00,0x84,0x03,0x00,0x00,0x2A,0x00,0x0A,0x00,
    0x09,0x00,0x0A,0x00,0x00,0x00,0x0E,0x00,0x00,0x00,0x0A,0x00,0xE4,0x03,0x00,0x00,
    0x2B,0x00,0x0A,0x00,0x09,0x00,0x0A,0x00,0x00,0x00,0x0B,0x00,0x00,0x00,0x0A,0x00,
    0x40,0x04,0x00,0x00,0x2C,0x00,0x05,0x00,0x04,0x00,0x05,0x00,0x00,0x00,0x02,0x00,
    0x00,0x00,0x05,0x00,0x9C,0x04,0x00,0x00,0x2D,0x00,0x06,0x00,0x03,0x00,0x06,0x00,
    0x00,0x00,0x07,0x00,0x00,0x00,0x06,0x00,0xB0,0x04,0x00,0x00,0x2E,0x00,0x04,0x00,
    0x03,0x00,0x05,0x00,0x01,0x00,0x03,0x00,0x00,0x00,0x04,0x00,0xC4,0x04,0x00,0x00,
    0x2F,0x00,0x08,0x00,0x0D,0x00,0x07,0x00,0x00,0x00,0x0D,0x00,0x00,0x00,0x08,0x00,
    0xD0,0x04,0x00,0x00,0x30,0x00,0x0A,0x00,0x0D,0x00,0x0A,0x00,0x00,0x00,0x0D,0x00,
    0x00,0x00,0x0A,0x00,0x38,0x05,0x00,0x00,0x31,0x00,0x07,0x00,0x0D,0x00,0x0A,0x00,
    0x01,0x00,0x0D,0x00,0x00,0x00,0x07,0x00,0xBC,0x05,0x00,0x00,0x32,0x00,0x0A,0x00,
    0x0D,0x00,0x0A,0x00,0x00,0x00,0x0D,0x00,0x00,0x00,0x0A,0x00,0x18,0x06,0x00,0x00,
    0x33,0x00,0x0A,0x00,0x0D,0x00,0x0A,0x00,0x00,0x00,0x0D,0x00,0x00,0x00,0x0A,0x00,
    0x9C,0x06,0x00,0x00,0x34,0x00,0x0A,0x00,0x0D,0x00,0x0A,0x00,0x00,0x00,0x0D,0x00,
    0x00,0x00,0x0A,0x00,0x20,0x07,0x00,0x00,0x35,0x00,0x0A,0x00,0x0D,0x00,0x0A,0x00,
    0x00,0x00,0x0D,0x00,0x00,0x00,0x0A,0x00,0xA4,0x07,0x00,0x00,0x36,0x00,0x0A,0x00,
    0x0D,0x00,0x0A,0x00,0x00,0x00,0x0D,0x00,0x00,0x00,0x0A,0x00,0x28,0x08,0x00,0x00,
    0x37,0x00,0x0A,0x00,0x0D,0x00,0x0A,0x00,0x00,0x00,0x0D,0x00,0x00,0x00,0x0A,0x00,
    0xAC,0x08,0x00,0x00,0x38,0x00,0x0A,0x00,0x0D,0x00,0x0A,0x00,0x00,0x00,0x0D,0x00,
    0x00,0x00,0x0A,0x00,0x30,0x09,0x00,0x00,0x39,0x00,0x0A,0x00,0x0D,0x00,0x0A,0x00,
    0x00,0x00,0x0D,0x00,0x00,0x00,0x0A,0x00,0xB4,0x09,0x00,0x00,0x3A,0x00,0x04,0x00,
    0x0A,0x00,0x05,0x00,0x01,0x00,0x0A,0x00,0x00,0x00,0x04,0x00,0x38,0x0A,0x00,0x00,
    0x3B,0x00,0x05,0x00,0x0C,0x00,0x05,0x00,0x00,0x00,0x0A,0x00,0x00,0x00,0x05,0x00,
    0x60,0x0A,0x00,0x00,0x3C,0x00,0x0A,0x00,0x0B,0x00,0x0A,0x00,0x00,0x00,0x0C,0x00,
    0x00,0x00,0x0A,0x00,0x9C,0x0A,0x00,0x00,0x3D,0x00,0x0A,0x00,0x06,0x00,0x0A,0x00,
    0x00,0x00,0x0A,0x00,0x00,0x00,0x0A,0x00,0x0C,0x0B,0x00,0x00,0x3E,0x00,0x0A,0x00,
    0x0B,0x00,0x0A,0x00,0x00,0x00,0x0C,0x00,0x00,0x00,0x0A,0x00,0x48,0x0B,0x00,0x00,
    0x3F,0x00,0x09,0x00,0x0D,0x00,0x09,0x00,0x00,0x00,0x0D,0x00,0x00,0x00,0x09,0x00,
    0xB8,0x0B,0x00,0x00,0x40,0x00,0x10,0x00,0x0F,0x00,0x10,0x00,0x00,0x00,0x0D,0x00,
    0x00,0x00,0x10,0x00,0x30,0x0C,0x00,0x00,0x41,0x00,0x0D,0x00,0x0D,0x00,0x0C,0x00,
    0x00,0x00,0x0D,0x00,0x00,0x00,0x0D,0x00,0x20,0x0D,0x00,0x00,0x42,0x00,0x0B,0x00,
    0x0D,0x00,0x0C,0x00,0x01,0x00,0x0D,0x00,0x00,0x00,0x0B,0x00,0xCC,0x0D,0x00,0x00,
    0x43,0x00,0x0A,0x00,0x0D,0x00,0x0B,0x00,0x01,0x00,0x0D,0x00,0x00,0x00,0x0A,0x00,
    0x5C,0x0E,0x00,0x00,0x44,0x00,0x0C,0x00,0x0D,0x00,0x0D,0x00,0x01,0x00,0x0D,0x00,
    0x00,0x00,0x0C,0x00,0xE0,0x0E,0x00,0x00,0x45,0x00,0x09,0x00,0x0D,0x00,0x0A,0x00,
    0x01,0x00,0x0D,0x00,0x00,0x00,0x09,0x00,0x7C,0x0F,0x00,0x00,0x46,0x00,0x08,0x00,
    0x0D,0x00,0x0A,0x00,0x01,0x00,0x0D,0x00,0x00,0x00,0x08,0x00,0xF4,0x0F,0x00,0x00,
    0x47,0x00,0x0B,0x00,0x0D,0x00,0x0D,0x00,0x01,0x00,0x0D,0x00,0x00,0x00,0x0B,0x00,
    0x5C,0x10,0x00,0x00,0x48,0x00,0x0C,0x00,0x0D,0x00,0x0E,0x00,0x01,0x00,0x0D,0x00,
    0x00,0x00,0x0C,0x00,0xEC,0x10,0x00,0x00,0x49,0x00,0x07,0x00,0x0D,0x00,0x07,0x00,
    0x00,0x00,0x0D,0x00,0x00,0x00,0x07,0x00,0x88,0x11,0x00,0x00,0x4A,0x00,0x07,0x00,
    0x11,0x00,0x06,0x00,0xFE,0xFF,0x0D,0x00,0x00,0x00,0x07,0x00,0xE4,0x11,0x00,0x00,
    0x4B,0x00,0x0B,0x00,0x0D,0x00,0x0C,0x00,0x01,0x00,0x0D,0x00,0x00,0x00,0x0B,0x00,
    0x5C,0x12,0x00,0x00,0x4C,0x00,0x09,0x00,0x0D,0x00,0x0A,0x00,0x01,0x00,0x0D,0x00,
    0x00,0x00,0x09,0x00,0xEC,0x12,0x00,0x00,0x4D,0x00,0x0F,0x00,0x0D,0x00,0x11,0x00,
    0x01,0x00,0x0D,0x00,0x00,0x00,0x0F,0x00,0x64,0x13,0x00,0x00,0x4E,0x00,0x0D,0x00,
    0x0D,0x00,0x0F,0x00,0x01,0x00,0x0D,0x00,0x00,0x00,0x0D,0x00,0x28,0x14,0x00,0x00,
    0x4F,0x00,0x0D,0x00,0x0D,0x00,0x0E,0x00,0x01,0x00,0x0D,0x00,0x00,0x00,0x0D,0x00,
    0xD4,0x14,0x00,0x00,0x50,0x00,0x0A,0x00,0x0D,0x00,0x0B,0x00,0x01,0x00,0x0D,0x00,
    0x00,0x00,0x0A,0x00,0x80,0x15,0x00,0x00,0x51,0x00,0x0D,0x00,0x10,0x00,0x0E,0x00,
    0x01,0x00,0x0D,0x00,0x00,0x00,0x0D,0x00,0x04,0x16,0x00,0x00,0x52,0x00,0x0B,0x00,
    0x0D,0x00,0x0C,0x00,0x01,0x00,0x0D,0x00,0x00,0x00,0x0B,0x00,0xD4,0x16,0x00,0x00,
    0x53,0x00,0x0A,0x00,0x0D,0x00,0x0A,0x00,0x00,0x00,0x0D,0x00,0x00,0x00,0x0A,0x00,
    0x64,0x17,0x00,0x00,0x54,0x00,0x0B,0x00,0x0D,0x00,0x0A,0x00,0x00,0x00,0x0D,0x00,
    0x00,0x00,0x0B,0x00,0xE8,0x17,0x00,0x00,0x55,0x00,0x0C,0x00,0x0D,0x00,0x0E,0x00,
    0x01,0x00,0x0D,0x00,0x00,0x00,0x0C,0x00,0x78,0x18,0x00,0x00,0x56,0x00,0x0C,0x00,
    0x0D,0x00,0x0C,0x00,0x00,0x00,0x0D,0x00,0x00,0x00,0x0C,0x00,0x14,0x19,0x00,0x00,
    0x57,0x00,0x12,0x00,0x0D,0x00,0x11,0x00,0x00,0x00,0x0D,0x00,0x00,0x00,0x12,0x00,
    0xB0,0x19,0x00,0x00,0x58,0x00,0x0C,0x00,0x0D,0x00,0x0C,0x00,0x00,0x00,0x0D,0x00,
    0x00,0x00,0x0C,0x00,0x9C,0x1A,0x00,0x00,0x59,0x00,0x0C,0x00,0x0D,0x00,0x0B,0x00,
    0x00,0x00,0x0D,0x00,0x00,0x00,0x0C,0x00,0x38,0x1B,0x00,0x00,0x5A,0x00,0x0A,0x00,
    0x0D,0x00,0x0A,0x00,0x00,0x00,0x0D,0x00,0x00,0x00,0x0A,0x00,0xD4,0x1B,0x00,0x00,
    0x5B,0x00,0x05,0x00,0x11,0x00,0x06,0x00,0x01,0x00,0x0D,0x00,0x00,0x00,0x05,0x00,
    0x58,0x1C,0x00,0x00,0x5C,0x00,0x08,0x00,0x0D,0x00,0x07,0x00,0x00,0x00,0x0D,0x00,
    0x00,0x00,0x08,0x00,0xB0,0x1C,0x00,0x00,0x5D,0x00,0x05,0x00,0x11,0x00,0x06,0x00,
    0x00,0x00,0x0D,0x00,0x00,0x00,0x05,0x00,0x18,0x1D,0x00,0x00,0x5E,0x00,0x0A,0x00,
    0x09,0x00,0x0A,0x00,0x00,0x00,0x0E,0x00,0x00,0x00,0x0A,0x00,0x70,0x1D,0x00,0x00,
    0x5F,0x00,0x09,0x00,0x02,0x00,0x07,0x00,0xFF,0xFF,0xFE,0xFF,0x00,0x00,0x09,0x00,
    0xCC,0x1D,0x00,0x00,0x60,0x00,0x06,0x00,0x03,0x00,0x07,0x00,0x00,0x00,0x0E,0x00,
    0x00,0x00,0x06,0x00,0xE0,0x1D,0x00,0x00,0x61,0x00,0x0A,0x00,0x0A,0x00,0x0B,0x00,
    0x00,0x00,0x0A,0x00,0x00,0x00,0x0A,0x00,0xF4,0x1D,0x00,0x00,0x62,0x00,0x0A,0x00,
    0x0E,0x00,0x0B,0x00,0x01,0x00,0x0E,0x00,0x00,0x00,0x0A,0x00,0x58,0x1E,0x00,0x00,
    0x63,0x00,0x09,0x00,0x0A,0x00,0x09,0x00,0x00,0x00,0x0A,0x00,0x00,0x00,0x09,0x00,
    0xE4,0x1E,0x00,0x00,0x64,0x00,0x0A,0x00,0x0E,0x00,0x0B,0x00,0x00,0x00,0x0E,0x00,
    0x00,0x00,0x0A,0x00,0x40,0x1F,0x00,0x00,0x65,0x00,0x0A,0x00,0x0A,0x00,0x0B,0x00,
    0x00,0x00,0x0A,0x00,0x00,0x00,0x0A,0x00,0xCC,0x1F,0x00,0x00,0x66,0x00,0x08,0x00,
    0x0E,0x00,0x07,0x00,0x00,0x00,0x0E,0x00,0x00,0x00,0x08,0x00,0x30,0x20,0x00,0x00,
    0x67,0x00,0x0A,0x00,0x0E,0x00,0x0B,0x00,0x00,0x00,0x0A,0x00,0x00,0x00,0x0A,0x00,
    0xA0,0x20,0x00,0x00,0x68,0x00,0x0A,0x00,0x0E,0x00,0x0C,0x00,0x01,0x00,0x0E,0x00,
    0x00,0x00,0x0A,0x00,0x2C,0x21,0x00,0x00,0x69,0x00,0x04,0x00,0x0E,0x00,0x05,0x00,
    0x01,0x00,0x0E,0x00,0x00,0x00,0x04,0x00,0xB8,0x21,0x00,0x00,0x6A,0x00,0x07,0x00,
    0x12,0x00,0x05,0x00,0xFE,0xFF,0x0E,0x00,0x00,0x00,0x07,0x00,0xF0,0x21,0x00,0x00,
    0x6B,0x00,0x0B,0x00,0x0E,0x00,0x0B,0x00,0x01,0x00,0x0E,0x00,0x00,0x00,0x0B,0x00,
    0x70,0x22,0x00,0x00,0x6C,0x00,0x04,0x00,0x0E,0x00,0x05,0x00,0x01,0x00,0x0E,0x00,
    0x00,0x00,0x04,0x00,0x0C,0x23,0x00,0x00,0x6D,0x00,0x10,0x00,0x0A,0x00,0x12,0x00,
    0x01,0x00,0x0A,0x00,0x00,0x00,0x10,0x00,0x44,0x23,0x00,0x00,0x6E,0x00,0x0A,0x00,
    0x0A,0x00,0x0C,0x00,0x01,0x00,0x0A,0x00,0x00,0x00,0x0A,0x00,0xE4,0x23,0x00,0x00,
    0x6F,0x00,0x0B,0x00,0x0A,0x00,0x0B,0x00,0x00,0x00,0x0A,0x00,0x00,0x00,0x0B,0x00,
    0x48,0x24,0x00,0x00,0x70,0x00,0x0A,0x00,0x0E,0x00,0x0B,0x00,0x01,0x00,0x0A,0x00,
    0x00,0x00,0x0A,0x00,0xB8,0x24,0x00,0x00,0x71,0x00,0x0A,0x00,0x0E,0x00,0x0B,0x00,
    0x00,0x00,0x0A,0x00,0x00,0x00,0x0A,0x00,0x44,0x25,0x00,0x00,0x72,0x00,0x07,0x00,
    0x0A,0x00,0x08,0x00,0x01,0x00,0x0A,0x00,0x00,0x00,0x07,0x00,0xD0,0x25,0x00,0x00,
    0x73,0x00,0x09,0x00,0x0A,0x00,0x09,0x00,0x00,0x00,0x0A,0x00,0x00,0x00,0x09,0x00,
    0x18,0x26,0x00,0x00,0x74,0x00,0x08,0x00,0x0C,0x00,0x08,0x00,0x00,0x00,0x0C,0x00,
    0x00,0x00,0x08,0x00,0x74,0x26,0x00,0x00,0x75,0x00,0x0A,0x00,0x0A,0x00,0x0C,0x00,
    0x01,0x00,0x0A,0x00,0x00,0x00,0x0A,0x00,0xD4,0x26,0x00,0x00,0x76,0x00,0x0B,0x00,
    0x0A,0x00,0x0A,0x00,0x00,0x00,0x0A,0x00,0x00,0x00,0x0B,0x00,0x38,0x27,0x00,0x00,
    0x77,0x00,0x10,0x00,0x0A,0x00,0x0F,0x00,0x00,0x00,0x0A,0x00,0x00,0x00,0x10,0x00,
    0xA8,0x27,0x00,0x00,0x78,0x00,0x0B,0x00,0x0A,0x00,0x0A,0x00,0x00,0x00,0x0A,0x00,
    0x00,0x00,0x0B,0x00,0x48,0x28,0x00,0x00,0x79,0x00,0x0B,0x00,0x0E,0x00,0x0A,0x00,
    0x00,0x00,0x0A,0x00,0x00,0x00,0x0B,0x00,0xB8,0x28,0x00,0x00,0x7A,0x00,0x09,0x00,
    0x0A,0x00,0x09,0x00,0x00,0x00,0x0A,0x00,0x00,0x00,0x09,0x00,0x54,0x29,0x00,0x00,
    0x7B,0x00,0x07,0x00,0x10,0x00,0x07,0x00,0x00,0x00,0x0D,0x00,0x00,0x00,0x07,0x00,
    0xB0,0x29,0x00,0x00,0x7C,0x00,0x02,0x00,0x12,0x00,0x0A,0x00,0x04,0x00,0x0E,0x00,
    0x00,0x00,0x02,0x00,0x20,0x2A,0x00,0x00,0x7D,0x00,0x07,0x00,0x10,0x00,0x07,0x00,
    0x00,0x00,0x0D,0x00,0x00,0x00,0x07,0x00,0x44,0x2A,0x00,0x00,0x7E,0x00,0x0A,0x00,
    0x05,0x00,0x0A,0x00,0x00,0x00,0x09,0x00,0x00,0x00,0x0A,0x00,0xB4,0x2A,0x00,0x00,
};

/*********************************
 * raw font glyph data
 ********************************/
const uint8_t Font0_glyphs[10984] =
{
    0xEA,0xFF,0xFF,0x15,0xDD,0xFF,0xFF,0x08,0xD0,0xFF,0xFB,0x00,0xC3,0xFF,0xEE,0x00,
    0xB6,0xFF,0xE1,0x00,0xA9,0xFF,0xD4,0x00,0x9C,0xFF,0xC7,0x00,0x8F,0xFF,0xBA,0x00,
    0x82,0xFF,0xAE,0x00,0x00,0x00,0x00,0x00,0x8C,0xEE,0xA9,0x00,0xEE,0xFF,0xFF,0x11,
    0x90,0xF6,0xAE,0x00,0xCB,0xFF,0x96,0x17,0xFF,0xFF,0x4A,0xB9,0xFF,0x84,0x05,0xFF,
    0xFF,0x38,0xA6,0xFF,0x71,0x00,0xF2,0xFF,0x25,0x94,0xFF,0x5F,0x00,0xE0,0xFF,0x13,
    0x81,0xFF,0x4D,0x00,0xCD,0xFE,0x02,0x00,0x00,0x00,0x00,0x00,0xD7,0xFF,0x15,0x2B,
    0xFF,0xB9,0x00,0x00,0x00,0x00,0x00,0x06,0xFB,0xE9,0x00,0x57,0xFF,0x8D,0x00,0x00,
    0x00,0x00,0x00,0x2F,0xFF,0xBD,0x00,0x83,0xFF,0x61,0x00,0x00,0x00,0x00,0x00,0x5A,
    0xFF,0x91,0x00,0xAE,0xFF,0x35,0x00,0x00,0x00,0xF8,0xFF,0xFF,0xFF,0xFF,0xFF,0xFF,
    0xFF,0xFF,0xFF,0x3C,0x00,0xCD,0xD4,0xF6,0xFF,0xD9,0xDA,0xFF,0xF5,0xD4,0xD4,0x31,
    0x00,0x00,0x00,0xE5,0xFB,0x07,0x41,0xFF,0xA7,0x00,0x00,0x00,0x00,0x00,0x14,0xFF,
    0xD3,0x00,0x70,0xFF,0x77,0x00,0x00,0x00,0x9C,0xFF,0xFF,0xFF,0xFF,0xFF,0xFF,0xFF,
    0xFF,0xFF,0xA4,0x00,0x9C,0xFF,0xFF,0xFF,0xFF,0xFF,0xFF,0xFF,0xFF,0xFF,0xA4,0x00,
    0x18,0x28,0xAC,0xFF,0x66,0x2C,0xF9,0xF0,0x28,0x28,0x19,0x00,0x00,0x00,0xD2,0xFE,
    0x13,0x38,0xFF,0xB4,0x00,0x00,0x00,0x00,0x00,0x0D,0xFD,0xD6,0x00,0x75,0xFF,0x76,
    0x00,0x00,0x00,0x00,0x00,0x00,0x00,0x00,0x74,0xC4,0x00,0x00,0x00,0x00,0x00,0x00,
    0x14,0x68,0xC3,0xE8,0x89,0x67,0x16,0x00,0x00,0x56,0xF1,0xFF,0xFF,0xFF,0xFF,0xFF,
    0xFA,0x34,0x0E,0xF4,0xFF,0xF8,0xDB,0xEB,0xC3,0xF4,0xE2,0x03,0x31,0xFF,0xFF,0x7E,
    0x74,0xC4,0x00,0x08,0x27,0x00,0x13,0xFB,0xFF,0xDF,0xAA,0xC4,0x00,0x00,0x00,0x00,
    0x00,0x7E,0xFF,0xFF,0xFF,0xEE,0x72,0x0F,0x00,0x00,0x00,0x00,0x50,0xD5,0xFF,0xFF,
    0xFF,0xF0,0x61,0x00,0x00,0x00,0x00,0x01,0x8D,0xF5,0xFC,0xFF,0xFF,0x40,0x00,0x00,
    0x00,0x00,0x74,0xC4,0x43,0xFF,0xFF,0x8A,0x30,0xAD,0x54,0x1A,0x76,0xC7,0x61,0xFF,
    0xFF,0x77,0x34,0xFF,0xFF,0xFF,0xFF,0xFF,0xFF,0xFF,0xEE,0x1C,0x16,0xA5,0xF1,0xFF,
    0xFF,0xFF,0xF6,0xB5,0x2A,0x00,0x00,0x00,0x00,0x10,0x86,0xCB,0x04,0x00,0x00,0x00,
    0x00,0x00,0x00,0x00,0x74,0xC4,0x00,0x00,0x00,0x00,0x00,0x00,0x00,0x39,0xD0,0xF9,
    0xDA,0x4F,0x00,0x00,0x00,0x00,0xAB,0xFF,0x6D,0x00,0x00,0x00,0x03,0xE2,0xFF,0xFF,
    0xFF,0xF9,0x19,0x00,0x00,0x37,0xFF,0xDB,0x05,0x00,0x00,0x00,0x41,0xFF,0xF8,0x45,
    0xDB,0xFF,0x75,0x00,0x00,0xC3,0xFF,0x55,0x00,0x00,0x00,0x00,0x61,0xFF,0xCD,0x00,
    0x97,0xFF,0x97,0x00,0x50,0xFF,0xC7,0x00,0x00,0x00,0x00,0x00,0x63,0xFF,0xCA,0x00,
    0x93,0xFF,0x9B,0x04,0xD8,0xFF,0x3C,0x00,0x00,0x00,0x00,0x00,0x45,0xFF,0xF3,0x1D,
    0xCD,0xFF,0x7E,0x6A,0xFF,0xB0,0x24,0xA9,0xD1,0xB3,0x34,0x00,0x06,0xE7,0xFF,0xFF,
    0xFF,0xFF,0x37,0xE9,0xFB,0x29,0xD7,0xFF,0xFF,0xFF,0xF1,0x12,0x00,0x4A,0xED,0xFF,
    0xF9,0x7D,0x83,0xFF,0x97,0x3D,0xFF,0xF2,0x1D,0xCD,0xFF,0x70,0x00,0x00,0x06,0x22,
    0x0C,0x1A,0xF5,0xF3,0x17,0x61,0xFF,0xCA,0x00,0x93,0xFF,0x96,0x00,0x00,0x00,0x00,
    0x00,0x9C,0xFF,0x7E,0x00,0x63,0xFF,0xCE,0x00,0x97,0xFF,0x9B,0x00,0x00,0x00,0x00,
    0x2B,0xFC,0xE7,0x0B,0x00,0x42,0xFF,0xF9,0x45,0xDB,0xFF,0x7B,0x00,0x00,0x00,0x00,
    0xB5,0xFF,0x66,0x00,0x00,0x03,0xDF,0xFF,0xFF,0xFF,0xFD,0x23,0x00,0x00,0x00,0x41,
    0xFF,0xD6,0x03,0x00,0x00,0x00,0x34,0xCD,0xFA,0xDF,0x5E,0x00,0x00,0x00,0x0F,0x8E,
    0xE0,0xFA,0xE7,0x9C,0x17,0x00,0x00,0x00,0x00,0x00,0x00,0x00,0xC1,0xFF,0xFF,0xFF,
    0xFF,0xFF,0xD0,0x02,0x00,0x00,0x00,0x00,0x00,0x20,0xFF,0xFF,0xA5,0x39,0xA2,0xFF,
    0xFF,0x24,0x00,0x00,0x00,0x00,0x00,0x1E,0xFF,0xFF,0x63,0x00,0x6C,0xFF,0xFE,0x0F,
    0x00,0x00,0x00,0x00,0x00,0x00,0xCE,0xFF,0xD8,0x70,0xF5,0xFF,0x98,0x00,0x00,0x00,
    0x00,0x00,0x00,0x00,0x35,0xFE,0xFF,0xFF,0xFF,0x9D,0x05,0x00,0x00,0x00,0x00,0x00,
    0x00,0x17,0xC9,0xFF,0xFF,0xFF,0xE0,0x13,0x00,0x07,0xF2,0xFF,0xCB,0x00,0x00,0xC6,
    0xFF,0xFF,0xA9,0xF8,0xFF,0xD3,0x16,0x56,0xFF,0xFF,0x6C,0x00,0x29,0xFF,0xFF,0xBA,
    0x00,0x47,0xF7,0xFF,0xD7,0xD4,0xFF,0xEF,0x10,0x00,0x41,0xFF,0xFF,0x9F,0x00,0x00,
    0x46,0xF7,0xFF,0xFF,0xFF,0x6D,0x00,0x00,0x19,0xFD,0xFF,0xF9,0x6B,0x30,0x4C,0xCE,
    0xFF,0xFF,0xF9,0x24,0x00,0x00,0x00,0x86,0xFF,0xFF,0xFF,0xFF,0xFF,0xFF,0xFF,0xFF,
    0xFF,0xE2,0x21,0x00,0x00,0x00,0x4B,0xBA,0xE4,0xFA,0xE9,0xAF,0x48,0x54,0xFB,0xFF,
    0xE0,0x20,0x00,0x00,0xCB,0xFF,0x96,0xB9,0xFF,0x84,0xA6,0xFF,0x71,0x94,0xFF,0x5F,
    0x81,0xFF,0x4D,0x00,0x00,0x00,0x12,0xE7,0xFF,0x43,0x00,0x00,0xA2,0xFF,0xAC,0x00,
    0x00,0x21,0xFD,0xFF,0x36,0x00,0x00,0x88,0xFF,0xD2,0x00,0x00,0x00,0xD0,0xFF,0x8A,
    0x00,0x00,0x0C,0xFC,0xFF,0x50,0x00,0x00,0x2B,0xFF,0xFF,0x2D,0x00,0x00,0x3D,0xFF,
    0xFF,0x1A,0x00,0x00,0x40,0xFF,0xFF,0x18,0x00,0x00,0x2D,0xFF,0xFF,0x2A,0x00,0x00,
    0x10,0xFE,0xFF,0x4B,0x00,0x00,0x00,0xD6,0xFF,0x84,0x00,0x00,0x00,0x90,0xFF,0xCA,
    0x00,0x00,0x00,0x27,0xFE,0xFF,0x2D,0x00,0x00,0x00,0xA9,0xFF,0xA3,0x00,0x00,0x00,
    0x14,0xE7,0xFF,0x3E,0x2C,0xFB,0xF2,0x1E,0x00,0x00,0x00,0x90,0xFF,0xBB,0x00,0x00,
    0x00,0x1E,0xFD,0xFF,0x38,0x00,0x00,0x00,0xB7,0xFF,0xA0,0x00,0x00,0x00,0x6F,0xFF,
    0xE7,0x00,0x00,0x00,0x34,0xFF,0xFF,0x20,0x00,0x00,0x12,0xFF,0xFF,0x42,0x00,0x00,
    0x01,0xFD,0xFF,0x54,0x00,0x00,0x01,0xFB,0xFF,0x57,0x00,0x00,0x10,0xFF,0xFF,0x44,
    0x00,0x00,0x31,0xFF,0xFF,0x27,0x00,0x00,0x6C,0xFF,0xEC,0x01,0x00,0x00,0xB3,0xFF,
    0xA8,0x00,0x00,0x1A,0xFC,0xFF,0x3F,0x00,0x00,0x8C,0xFF,0xC1,0x00,0x00,0x28,0xFA,
    0xF2,0x21,0x00,0x00,0x00,0x00,0x00,0x32,0xFF,0xFB,0x02,0x00,0x00,0x00,0x00,0x00,
    0x00,0x16,0xFF,0xE1,0x00,0x00,0x00,0x00,0x18,0x80,0x36,0x03,0xF8,0xC5,0x06,0x42,
    0x89,0x02,0x47,0xFF,0xFF,0xEA,0xFA,0xF0,0xF3,0xFF,0xFF,0x1D,0x37,0x9B,0xB0,0xE2,
    0xFF,0xFF,0xD4,0xAD,0x9A,0x1E,0x00,0x00,0x1A,0xEA,0xF3,0xFF,0xCA,0x06,0x00,0x00,
    0x00,0x03,0xC1,0xFF,0x7E,0xBB,0xFF,0x90,0x00,0x00,0x00,0x26,0xD3,0xF8,0x16,0x3B,
    0xFF,0xC1,0x0B,0x00,0x00,0x00,0x01,0x32,0x00,0x00,0x3A,0x00,0x00,0x00,0x00,0x00,
    0x00,0x00,0x00,0x00,0xD4,0xFF,0x1C,0x00,0x00,0x00,0x00,0x00,0x00,0x00,0xD4,0xFF,
    0x1C,0x00,0x00,0x00,0x00,0x00,0x00,0x00,0xD4,0xFF,0x1C,0x00,0x00,0x00,0x08,0x28,
    0x28,0x28,0xDA,0xFF,0x3F,0x28,0x28,0x14,0x38,0xFF,0xFF,0xFF,0xFF,0xFF,0xFF,0xFF,
    0xFF,0x80,0x38,0xFF,0xFF,0xFF,0xFF,0xFF,0xFF,0xFF,0xFF,0x80,0x00,0x00,0x00,0x00,
    0xD4,0xFF,0x1C,0x00,0x00,0x00,0x00,0x00,0x00,0x00,0xD4,0xFF,0x1C,0x00,0x00,0x00,
    0x00,0x00,0x00,0x00,0xD4,0xFF,0x1C,0x00,0x00,0x00,0x00,0x00,0x00,0xAA,0xFF,0xE5,
    0x00,0x00,0xDD,0xFF,0x90,0x00,0x16,0xFF,0xFE,0x2B,0x00,0x52,0xFF,0xB6,0x00,0x00,
    0x12,0x28,0x28,0x28,0x28,0x0A,0x74,0xFF,0xFF,0xFF,0xFF,0x40,0x74,0xFF,0xFF,0xFF,
    0xFF,0x40,0x00,0x00,0x8C,0xEE,0xA9,0x00,0xEE,0xFF,0xFF,0x11,0x90,0xF6,0xAE,0x00,
    0x00,0x00,0x00,0x00,0x48,0xFF,0xFF,0x28,0x00,0x00,0x00,0x00,0xA6,0xFF,0xCA,0x00,
    0x00,0x00,0x00,0x0D,0xF6,0xFF,0x6C,0x00,0x00,0x00,0x00,0x62,0xFF,0xFA,0x14,0x00,
    0x00,0x00,0x00,0xC0,0xFF,0xB0,0x00,0x00,0x00,0x00,0x1F,0xFE,0xFF,0x52,0x00,0x00,
    0x00,0x00,0x7C,0xFF,0xED,0x06,0x00,0x00,0x00,0x00,0xDA,0xFF,0x95,0x00,0x00,0x00,
    0x00,0x39,0xFF,0xFF,0x37,0x00,0x00,0x00,0x00,0x97,0xFF,0xD9,0x00,0x00,0x00,0x00,
    0x06,0xED,0xFF,0x7B,0x00,0x00,0x00,0x00,0x53,0xFF,0xFE,0x1E,0x00,0x00,0x00,0x00,
    0xB1,0xFF,0xBF,0x00,0x00,0x00,0x00,0x00,0x00,0x00,0x31,0xB4,0xEA,0xF5,0xC8,0x4F,
    0x00,0x00,0x00,0x2D,0xF2,0xFF,0xFF,0xFF,0xFF,0xFF,0x56,0x00,0x00,0xB1,0xFF,0xF9,
    0x59,0x3E,0xDF,0xFF,0xE4,0x05,0x09,0xFB,0xFF,0xA8,0x00,0x00,0x67,0xFF,0xFF,0x42,
    0x37,0xFF,0xFF,0x75,0x00,0x00,0x31,0xFF,0xFF,0x77,0x4D,0xFF,0xFF,0x5F,0x00,0x00,
    0x19,0xFF,0xFF,0x93,0x58,0xFF,0xFF,0x59,0x00,0x00,0x12,0xFF,0xFF,0x9C,0x50,0xFF,
    0xFF,0x5F,0x00,0x00,0x18,0xFF,0xFF,0x90,0x35,0xFF,0xFF,0x75,0x00,0x00,0x2F,0xFF,
    0xFF,0x7B,0x09,0xF7,0xFF,0xA7,0x00,0x00,0x66,0xFF,0xFF,0x4A,0x00,0xA9,0xFF,0xF9,
    0x58,0x3E,0xDE,0xFF,0xEB,0x09,0x00,0x25,0xF1,0xFF,0xFF,0xFF,0xFF,0xFF,0x63,0x00,
    0x00,0x00,0x2C,0xB4,0xF0,0xF3,0xC9,0x54,0x00,0x00,0x00,0x00,0x00,0x00,0x00,0x6A,
    0xFB,0xFF,0x70,0x00,0x04,0x95,0xFF,0xFF,0xFF,0x70,0x12,0xBC,0xFF,0xFF,0xFF,0xFF,
    0x70,0xB2,0xFF,0xF7,0x8D,0xFF,0xFF,0x70,0x26,0xD4,0x35,0x44,0xFF,0xFF,0x70,0x00,
    0x01,0x00,0x47,0xFF,0xFF,0x70,0x00,0x00,0x00,0x48,0xFF,0xFF,0x70,0x00,0x00,0x00,
    0x48,0xFF,0xFF,0x70,0x00,0x00,0x00,0x48,0xFF,0xFF,0x70,0x00,0x00,0x00,0x48,0xFF,
    0xFF,0x70,0x00,0x00,0x00,0x48,0xFF,0xFF,0x70,0x00,0x00,0x00,0x48,0xFF,0xFF,0x70,
    0x00,0x00,0x00,0x48,0xFF,0xFF,0x70,0x00,0x00,0x06,0x63,0xC7,0xF3,0xF8,0xD6,0x74,
    0x04,0x00,0x16,0xD0,0xFF,0xFF,0xFF,0xFF,0xFF,0xFF,0xA2,0x00,0x01,0xAE,0xFD,0x9C,
    0x3E,0x3C,0xD2,0xFF,0xFF,0x27,0x00,0x0B,0x3D,0x00,0x00,0x00,0x67,0xFF,0xFF,0x50,
    0x00,0x00,0x00,0x00,0x00,0x00,0x7D,0xFF,0xFF,0x39,0x00,0x00,0x00,0x00,0x00,0x13,
    0xE7,0xFF,0xE3,0x03,0x00,0x00,0x00,0x00,0x06,0xBD,0xFF,0xFF,0x54,0x00,0x00,0x00,
    0x00,0x02,0xA7,0xFF,0xFF,0x83,0x00,0x00,0x00,0x00,0x00,0x99,0xFF,0xFF,0x8C,0x00,
    0x00,0x00,0x00,0x00,0x90,0xFF,0xFF,0x84,0x00,0x00,0x00,0x00,0x00,0x87,0xFF,0xFF,
    0x9E,0x28,0x28,0x28,0x28,0x1C,0x3E,0xFF,0xFF,0xFF,0xFF,0xFF,0xFF,0xFF,0xFF,0xB4,
    0x48,0xFF,0xFF,0xFF,0xFF,0xFF,0xFF,0xFF,0xFF,0xB4,0x00,0x00,0x00,0x35,0xA0,0xDF,
    0xF8,0xEE,0xCF,0x75,0x0A,0x00,0x16,0xF4,0xFF,0xFF,0xFF,0xFF,0xFF,0xFF,0xC0,0x00,
    0x00,0x64,0xBE,0x55,0x2E,0x46,0xD9,0xFF,0xFF,0x25,0x00,0x00,0x00,0x00,0x00,0x00,
    0x88,0xFF,0xFF,0x18,0x00,0x00,0x00,0x00,0x0C,0x40,0xDF,0xFF,0xAD,0x00,0x00,0x00,
    0x58,0xFF,0xFF,0xFF,0xE7,0x82,0x07,0x00,0x00,0x00,0x58,0xFF,0xFF,0xFF,0xF5,0xB8,
    0x36,0x00,0x00,0x00,0x0D,0x28,0x34,0x62,0xE0,0xFF,0xF7,0x27,0x00,0x00,0x00,0x00,
    0x00,0x00,0x58,0xFF,0xFF,0x7C,0x00,0x00,0x00,0x00,0x00,0x00,0x67,0xFF,0xFF,0x83,
    0x4C,0xB6,0x61,0x3B,0x32,0x61,0xE9,0xFF,0xFF,0x43,0x50,0xFF,0xFF,0xFF,0xFF,0xFF,
    0xFF,0xFF,0xA1,0x00,0x1C,0x8E,0xD1,0xEC,0xFA,0xEA,0xBA,0x5C,0x00,0x00,0x00,0x00,
    0x00,0x00,0x00,0x00,0x00,0x68,0xFF,0xFF,0x70,0x00,0x00,0x00,0x00,0x00,0x22,0xF3,
    0xFF,0xFF,0x70,0x00,0x00,0x00,0x00,0x02,0xC2,0xFF,0xFF,0xFF,0x70,0x00,0x00,0x00,
    0x00,0x74,0xFF,0xB9,0xFF,0xFF,0x70,0x00,0x00,0x00,0x2B,0xF8,0xED,0x43,0xFF,0xFF,
    0x70,0x00,0x00,0x04,0xCD,0xFF,0x5B,0x32,0xFF,0xFF,0x70,0x00,0x00,0x81,0xFF,0xB2,
    0x00,0x34,0xFF,0xFF,0x70,0x00,0x34,0xFB,0xEF,0x19,0x00,0x34,0xFF,0xFF,0x70,0x00,
    0xAB,0xFF,0xFF,0xFF,0xFF,0xFF,0xFF,0xFF,0xFF,0xFC,0xB0,0xFF,0xFF,0xFF,0xFF,0xFF,
    0xFF,0xFF,0xFF,0xFC,0x1B,0x28,0x28,0x28,0x28,0x53,0xFF,0xFF,0x86,0x27,0x00,0x00,
    0x00,0x00,0x00,0x34,0xFF,0xFF,0x70,0x00,0x00,0x00,0x00,0x00,0x00,0x34,0xFF,0xFF,
    0x70,0x00,0x00,0x00,0x00,0x6A,0xFF,0xFF,0xFF,0xFF,0xFF,0xFF,0x98,0x00,0x00,0x7C,
    0xFF,0xFF,0xFF,0xFF,0xFF,0xFF,0x98,0x00,0x00,0x8E,0xFF,0xF8,0x28,0x28,0x28,0x28,
    0x17,0x00,0x00,0xA1,0xFF,0xE3,0x00,0x00,0x00,0x00,0x00,0x00,0x00,0xB3,0xFF,0xCE,
    0x18,0x22,0x09,0x00,0x00,0x00,0x00,0xC6,0xFF,0xFF,0xFF,0xFF,0xFA,0xAB,0x19,0x00,
    0x00,0xC5,0xFF,0xFF,0xFF,0xFF,0xFF,0xFF,0xD3,0x04,0x00,0x09,0x3D,0x12,0x0A,0x3A,
    0xD5,0xFF,0xFF,0x4B,0x00,0x00,0x00,0x00,0x00,0x00,0x58,0xFF,0xFF,0x70,0x00,0x00,
    0x00,0x00,0x00,0x00,0x65,0xFF,0xFF,0x61,0x1D,0xB3,0x68,0x41,0x30,0x5F,0xE8,0xFF,
    0xFA,0x1D,0x20,0xFF,0xFF,0xFF,0xFF,0xFF,0xFF,0xFF,0x76,0x00,0x0B,0x88,0xD0,0xED,
    0xFB,0xEA,0xB5,0x49,0x00,0x00,0x00,0x00,0x00,0x00,0x00,0x2C,0x9A,0xDA,0xF5,0xFF,
    0xBE,0x00,0x00,0x00,0x65,0xFB,0xFF,0xFF,0xFF,0xFF,0xCC,0x00,0x00,0x38,0xFC,0xFF,
    0xDD,0x6B,0x3B,0x2E,0x3B,0x00,0x00,0xB3,0xFF,0xE4,0x13,0x00,0x00,0x00,0x00,0x00,
    0x08,0xF6,0xFF,0x76,0x00,0x18,0x1D,0x00,0x00,0x00,0x3A,0xFF,0xFF,0x5C,0xCA,0xFF,
    0xFF,0xE1,0x4D,0x00,0x4F,0xFF,0xFF,0xE9,0xFF,0xFF,0xFF,0xFF,0xF6,0x21,0x5A,0xFF,
    0xFF,0xDB,0x37,0x0C,0x75,0xFF,0xFF,0x83,0x48,0xFF,0xFF,0x67,0x00,0x00,0x01,0xF7,
    0xFF,0xA8,0x1C,0xFE,0xFF,0x8B,0x00,0x00,0x0C,0xFD,0xFF,0xA1,0x00,0xBE,0xFF,0xF9,
    0x5E,0x34,0xA8,0xFF,0xFF,0x61,0x00,0x26,0xEC,0xFF,0xFF,0xFF,0xFF,0xFF,0xCA,0x06,
    0x00,0x00,0x20,0xA0,0xE7,0xFA,0xDE,0x8A,0x0C,0x00,0x00,0x00,0x84,0xFF,0xFF,0xFF,
    0xFF,0xFF,0xFF,0xFF,0xFF,0xB4,0x84,0xFF,0xFF,0xFF,0xFF,0xFF,0xFF,0xFF,0xFF,0xAB,
    0x14,0x28,0x28,0x28,0x28,0x28,0x76,0xFF,0xFF,0x52,0x00,0x00,0x00,0x00,0x00,0x00,
    0xC6,0xFF,0xE1,0x03,0x00,0x00,0x00,0x00,0x00,0x37,0xFF,0xFF,0x77,0x00,0x00,0x00,
    0x00,0x00,0x00,0xAA,0xFF,0xF7,0x13,0x00,0x00,0x00,0x00,0x00,0x1F,0xFC,0xFF,0x9D,
    0x00,0x00,0x00,0x00,0x00,0x00,0x8E,0xFF,0xFF,0x30,0x00,0x00,0x00,0x00,0x00,0x0D,
    0xF1,0xFF,0xC3,0x00,0x00,0x00,0x00,0x00,0x00,0x72,0xFF,0xFF,0x55,0x00,0x00,0x00,
    0x00,0x00,0x03,0xDF,0xFF,0xE4,0x04,0x00,0x00,0x00,0x00,0x00,0x56,0xFF,0xFF,0x7B,
    0x00,0x00,0x00,0x00,0x00,0x00,0xC7,0xFF,0xF8,0x15,0x00,0x00,0x00,0x00,0x00,0x00,
    0x00,0x00,0x57,0xC1,0xF2,0xF8,0xD5,0x7E,0x09,0x00,0x00,0x72,0xFF,0xFF,0xFF,0xFF,
    0xFF,0xFF,0xB7,0x00,0x00,0xE2,0xFF,0xE8,0x4B,0x39,0xC1,0xFF,0xFF,0x28,0x00,0xE7,
    0xFF,0xA1,0x00,0x00,0x59,0xFF,0xFF,0x2E,0x00,0x9D,0xFF,0xF2,0x4B,0x23,0xCC,0xFF,
    0xD8,0x04,0x00,0x0C,0xB7,0xFF,0xFF,0xFB,0xFF,0xD5,0x24,0x00,0x00,0x00,0x67,0xFE,
    0xFF,0xFF,0xFF,0x7B,0x04,0x00,0x00,0x8D,0xFF,0xFE,0x94,0x93,0xFC,0xFF,0xAD,0x03,
    0x28,0xFE,0xFF,0x72,0x00,0x00,0x4D,0xFE,0xFF,0x68,0x56,0xFF,0xFF,0x36,0x00,0x00,
    0x00,0xED,0xFF,0x9A,0x3F,0xFF,0xFF,0xBF,0x3E,0x33,0x8E,0xFF,0xFF,0x77,0x02,0xC0,
    0xFF,0xFF,0xFF,0xFF,0xFF,0xFF,0xDC,0x12,0x00,0x09,0x70,0xCD,0xED,0xF7,0xD9,0x8B,
    0x13,0x00,0x00,0x00,0x00,0x00,0x62,0xCC,0xF6,0xEF,0xBA,0x42,0x00,0x00,0x00,0x89,
    0xFF,0xFF,0xFF,0xFF,0xFF,0xFD,0x5C,0x00,0x1E,0xFC,0xFF,0xD5,0x43,0x42,0xDC,0xFF,
    0xF1,0x10,0x5B,0xFF,0xFF,0x50,0x00,0x00,0x44,0xFF,0xFF,0x5F,0x61,0xFF,0xFF,0x40,
    0x00,0x00,0x1A,0xFF,0xFF,0x8B,0x3C,0xFF,0xFF,0xAF,0x14,0x1F,0xAE,0xFF,0xFF,0x9E,
    0x03,0xCF,0xFF,0xFF,0xFF,0xFF,0xF2,0xF4,0xFF,0x92,0x00,0x25,0xC7,0xFF,0xFF,0xEA,
    0x42,0xF4,0xFF,0x7D,0x00,0x00,0x00,0x15,0x1F,0x04,0x2E,0xFF,0xFF,0x44,0x00,0x00,
    0x00,0x00,0x00,0x01,0xAD,0xFF,0xF3,0x07,0x00,0x2A,0x33,0x33,0x56,0xBD,0xFF,0xFF,
    0x7D,0x00,0x00,0x88,0xFF,0xFF,0xFF,0xFF,0xFF,0xA6,0x03,0x00,0x00,0x7F,0xFE,0xFA,
    0xE7,0xB3,0x52,0x00,0x00,0x00,0x00,0x00,0x90,0xF6,0xAF,0x00,0xEE,0xFF,0xFF,0x11,
    0x8F,0xF6,0xAE,0x00,0x00,0x00,0x00,0x00,0x00,0x00,0x00,0x00,0x00,0x00,0x00,0x00,
    0x00,0x00,0x00,0x00,0x8C,0xEE,0xA9,0x00,0xEE,0xFF,0xFF,0x11,0x90,0xF6,0xAE,0x00,
    0x00,0x90,0xF6,0xAF,0x00,0x00,0xEE,0xFF,0xFF,0x11,0x00,0x8F,0xF6,0xAE,0x00,0x00,
    0x00,0x00,0x00,0x00,0x00,0x00,0x00,0x00,0x00,0x00,0x00,0x00,0x00,0x00,0x00,0x00,
    0x00,0x00,0x00,0x00,0x00,0x00,0x00,0x00,0x00,0xAA,0xFF,0xE5,0x00,0x00,0xDD,0xFF,
    0x90,0x00,0x16,0xFF,0xFE,0x2B,0x00,0x52,0xFF,0xB6,0x00,0x00,0x00,0x00,0x00,0x00,
    0x00,0x00,0x00,0x00,0x00,0x10,0x00,0x00,0x00,0x00,0x00,0x00,0x00,0x3F,0xBF,0x80,
    0x00,0x00,0x00,0x00,0x00,0x3F,0xBF,0xFF,0xFF,0x7A,0x00,0x00,0x00,0x3F,0xBF,0xFF,
    0xFF,0xC8,0x53,0x02,0x00,0x3F,0xBF,0xFF,0xFF,0xB6,0x3F,0x00,0x00,0x00,0x34,0xFF,
    0xFF,0xE2,0x33,0x00,0x00,0x00,0x00,0x00,0x16,0xAE,0xFD,0xFF,0xEA,0x87,0x20,0x00,
    0x00,0x00,0x00,0x00,0x22,0x90,0xF2,0xFF,0xFD,0xB5,0x4C,0x02,0x00,0x00,0x00,0x00,
    0x0F,0x73,0xE0,0xFF,0xFF,0x7C,0x00,0x00,0x00,0x00,0x00,0x00,0x03,0x56,0xC7,0x80,
    0x00,0x00,0x00,0x00,0x00,0x00,0x00,0x00,0x00,0x0D,0x00,0x00,0x08,0x28,0x28,0x28,
    0x28,0x28,0x28,0x28,0x28,0x14,0x38,0xFF,0xFF,0xFF,0xFF,0xFF,0xFF,0xFF,0xFF,0x80,
    0x38,0xFF,0xFF,0xFF,0xFF,0xFF,0xFF,0xFF,0xFF,0x80,0x08,0x28,0x28,0x28,0x28,0x28,
    0x28,0x28,0x28,0x14,0x38,0xFF,0xFF,0xFF,0xFF,0xFF,0xFF,0xFF,0xFF,0x80,0x38,0xFF,
    0xFF,0xFF,0xFF,0xFF,0xFF,0xFF,0xFF,0x80,0x0A,0x04,0x00,0x00,0x00,0x00,0x00,0x00,
    0x00,0x00,0x38,0xDE,0x63,0x04,0x00,0x00,0x00,0x00,0x00,0x00,0x32,0xFF,0xFF,0xDE,
    0x63,0x04,0x00,0x00,0x00,0x00,0x00,0x32,0xA8,0xFC,0xFF,0xDE,0x63,0x04,0x00,0x00,
    0x00,0x00,0x00,0x22,0x95,0xF6,0xFF,0xDE,0x63,0x04,0x00,0x00,0x00,0x00,0x00,0x16,
    0xBB,0xFF,0xFF,0x7C,0x00,0x00,0x00,0x0E,0x6B,0xD4,0xFF,0xFF,0xCD,0x3C,0x00,0x2F,
    0x98,0xF3,0xFF,0xFD,0xB0,0x3F,0x00,0x00,0x34,0xFF,0xFF,0xF3,0x93,0x23,0x00,0x00,
    0x00,0x00,0x38,0xE2,0x75,0x10,0x00,0x00,0x00,0x00,0x00,0x00,0x09,0x04,0x00,0x00,
    0x00,0x00,0x00,0x00,0x00,0x00,0x00,0x00,0x1B,0x7F,0xCE,0xF3,0xF4,0xD3,0x72,0x06,
    0x00,0xBD,0xFF,0xFF,0xFF,0xFF,0xFF,0xFF,0xA3,0x00,0x43,0xD8,0x72,0x3E,0x3A,0xC4,
    0xFF,0xFE,0x13,0x00,0x01,0x00,0x00,0x00,0x73,0xFF,0xFF,0x14,0x00,0x00,0x00,0x00,
    0x24,0xE3,0xFF,0xC9,0x00,0x00,0x00,0x00,0x4B,0xF0,0xFF,0xDA,0x22,0x00,0x00,0x00,
    0x2E,0xF9,0xFF,0xB5,0x10,0x00,0x00,0x00,0x00,0x82,0xFF,0xDE,0x05,0x00,0x00,0x00,
    0x00,0x00,0x4E,0x8C,0x69,0x00,0x00,0x00,0x00,0x00,0x00,0x00,0x00,0x00,0x00,0x00,
    0x00,0x00,0x00,0x00,0x71,0xED,0xBC,0x07,0x00,0x00,0x00,0x00,0x00,0xD1,0xFF,0xFF,
    0x2D,0x00,0x00,0x00,0x00,0x00,0x74,0xF5,0xC2,0x07,0x00,0x00,0x00,0x00,0x00,0x00,
    0x00,0x00,0x00,0x00,0x05,0x63,0xB6,0xE5,0xF9,0xE7,0xC1,0x69,0x0A,0x00,0x00,0x00,
    0x00,0x00,0x00,0x2E,0xDA,0xFF,0xFF,0xFF,0xFF,0xFF,0xFF,0xFF,0xD9,0x2E,0x00,0x00,
    0x00,0x00,0x2E,0xF1,0xFF,0xE5,0x82,0x49,0x2F,0x3D,0x79,0xE2,0xFF,0xE5,0x18,0x00,
    0x00,0x04,0xD7,0xFF,0xAE,0x19,0x8C,0xE1,0xF7,0xDE,0xB3,0x54,0xC1,0xFF,0x97,0x00,
    0x00,0x5F,0xFF,0xD2,0x0E,0xCC,0xFF,0xFF,0xFF,0xFF,0xFF,0x95,0x1C,0xFB,0xF3,0x06,
    0x00,0xB9,0xFF,0x52,0x6A,0xFF,0xEC,0x5D,0x2D,0x91,0xFF,0x89,0x00,0xC9,0xFF,0x24,
    0x00,0xF3,0xFC,0x08,0xB0,0xFF,0x6F,0x00,0x00,0x81,0xFF,0x7D,0x00,0xB8,0xFF,0x38,
    0x0D,0xFF,0xE4,0x00,0xBE,0xFF,0x4B,0x00,0x00,0xAB,0xFF,0x72,0x00,0xDA,0xFF,0x1E,
    0x0C,0xFF,0xE1,0x00,0x9B,0xFF,0xB9,0x35,0x5C,0xF9,0xFF,0xA8,0x62,0xFF,0xDD,0x01,
    0x00,0xF3,0xFB,0x0B,0x32,0xFE,0xFF,0xFF,0xFF,0xDB,0xE1,0xFF,0xFF,0xFF,0x6D,0x00,
    0x00,0xBC,0xFF,0x61,0x00,0x57,0xD8,0xF9,0xC9,0x22,0x43,0xE4,0xED,0x83,0x01,0x00,
    0x00,0x5D,0xFF,0xED,0x2D,0x00,0x00,0x00,0x00,0x00,0x00,0x00,0x00,0x00,0x00,0x00,
    0x00,0x02,0xBA,0xFF,0xF6,0x94,0x4B,0x2E,0x38,0x53,0x84,0xD0,0x27,0x00,0x00,0x00,
    0x00,0x00,0x11,0xB2,0xFF,0xFF,0xFF,0xFF,0xFF,0xFF,0xFF,0xFF,0x27,0x00,0x00,0x00,
    0x00,0x00,0x00,0x00,0x4A,0xA6,0xDB,0xF4,0xF8,0xDD,0x9F,0x3D,0x00,0x00,0x00,0x00,
    0x00,0x00,0x00,0x00,0xA5,0xFF,0xFF,0xF8,0x0F,0x00,0x00,0x00,0x00,0x00,0x00,0x00,
    0x0A,0xF3,0xFF,0xFF,0xFF,0x62,0x00,0x00,0x00,0x00,0x00,0x00,0x00,0x57,0xFF,0xFF,
    0xC5,0xFF,0xBC,0x00,0x00,0x00,0x00,0x00,0x00,0x00,0xB0,0xFF,0xD0,0x63,0xFF,0xFD,
    0x18,0x00,0x00,0x00,0x00,0x00,0x10,0xF9,0xFF,0x86,0x18,0xFE,0xFF,0x70,0x00,0x00,
    0x00,0x00,0x00,0x63,0xFF,0xFF,0x38,0x00,0xC8,0xFF,0xCA,0x00,0x00,0x00,0x00,0x00,
    0xBC,0xFF,0xE8,0x01,0x00,0x79,0xFF,0xFF,0x23,0x00,0x00,0x00,0x18,0xFC,0xFF,0xC0,
    0x48,0x48,0x6D,0xFF,0xFF,0x7D,0x00,0x00,0x00,0x6F,0xFF,0xFF,0xFF,0xFF,0xFF,0xFF,
    0xFF,0xFF,0xD7,0x00,0x00,0x00,0xC8,0xFF,0xFF,0xFF,0xFF,0xFF,0xFF,0xFF,0xFF,0xFF,
    0x31,0x00,0x21,0xFF,0xFF,0xB7,0x00,0x00,0x00,0x00,0x4D,0xFF,0xFF,0x8B,0x00,0x7A,
    0xFF,0xFF,0x67,0x00,0x00,0x00,0x00,0x08,0xF4,0xFF,0xE3,0x01,0xD3,0xFF,0xFE,0x19,
    0x00,0x00,0x00,0x00,0x00,0xAC,0xFF,0xFF,0x3F,0x00,0x00,0x00,0x60,0xFF,0xFF,0xFF,
    0xFF,0xF6,0xDC,0xA6,0x3D,0x00,0x00,0x60,0xFF,0xFF,0xFF,0xFF,0xFF,0xFF,0xFF,0xFE,
    0x50,0x00,0x60,0xFF,0xFF,0x72,0x28,0x38,0x94,0xFF,0xFF,0xB8,0x00,0x60,0xFF,0xFF,
    0x58,0x00,0x00,0x06,0xFE,0xFF,0xC4,0x00,0x60,0xFF,0xFF,0x58,0x00,0x0D,0x6D,0xFF,
    0xFF,0x8A,0x00,0x60,0xFF,0xFF,0xFF,0xFF,0xFF,0xFF,0xFC,0xAC,0x0E,0x00,0x60,0xFF,
    0xFF,0xFF,0xFF,0xFF,0xFF,0xFD,0xB1,0x23,0x00,0x60,0xFF,0xFF,0x72,0x28,0x35,0x7F,
    0xFF,0xFF,0xCD,0x00,0x60,0xFF,0xFF,0x58,0x00,0x00,0x00,0xC5,0xFF,0xFF,0x15,0x60,
    0xFF,0xFF,0x58,0x00,0x00,0x00,0xCB,0xFF,0xFF,0x1A,0x60,0xFF,0xFF,0x72,0x28,0x33,
    0x80,0xFF,0xFF,0xE3,0x01,0x60,0xFF,0xFF,0xFF,0xFF,0xFF,0xFF,0xFF,0xFD,0x53,0x00,
    0x60,0xFF,0xFF,0xFF,0xFF,0xFD,0xEA,0xAF,0x3A,0x00,0x00,0x00,0x00,0x00,0x0F,0x75,
    0xCD,0xEE,0xF2,0xD2,0x95,0x37,0x00,0x23,0xD9,0xFF,0xFF,0xFF,0xFF,0xFF,0xFF,0x92,
    0x04,0xCF,0xFF,0xFF,0x99,0x3A,0x33,0x70,0xD4,0x2A,0x5E,0xFF,0xFF,0xA2,0x00,0x00,
    0x00,0x00,0x00,0x00,0xB2,0xFF,0xFF,0x2C,0x00,0x00,0x00,0x00,0x00,0x00,0xDB,0xFF,
    0xF8,0x01,0x00,0x00,0x00,0x00,0x00,0x00,0xEE,0xFF,0xE2,0x00,0x00,0x00,0x00,0x00,
    0x00,0x00,0xDF,0xFF,0xF5,0x00,0x00,0x00,0x00,0x00,0x00,0x00,0xBE,0xFF,0xFF,0x1F,
    0x00,0x00,0x00,0x00,0x00,0x00,0x78,0xFF,0xFF,0x89,0x00,0x00,0x00,0x00,0x00,0x00,
    0x14,0xED,0xFF,0xFD,0x87,0x37,0x33,0x52,0x94,0x44,0x00,0x49,0xF5,0xFF,0xFF,0xFF,
    0xFF,0xFF,0xFF,0x58,0x00,0x00,0x28,0x98,0xDA,0xF6,0xF3,0xDC,0xA1,0x26,0x00,0x00,
    0x60,0xFF,0xFF,0xFF,0xFE,0xEA,0xCB,0x7C,0x18,0x00,0x00,0x00,0x60,0xFF,0xFF,0xFF,
    0xFF,0xFF,0xFF,0xFF,0xEE,0x4E,0x00,0x00,0x60,0xFF,0xFF,0x72,0x28,0x39,0x81,0xF7,
    0xFF,0xF6,0x30,0x00,0x60,0xFF,0xFF,0x58,0x00,0x00,0x00,0x4B,0xFF,0xFF,0xB2,0x00,
    0x60,0xFF,0xFF,0x58,0x00,0x00,0x00,0x00,0xD1,0xFF,0xFC,0x0F,0x60,0xFF,0xFF,0x58,
    0x00,0x00,0x00,0x00,0x9D,0xFF,0xFF,0x2F,0x60,0xFF,0xFF,0x58,0x00,0x00,0x00,0x00,
    0x90,0xFF,0xFF,0x41,0x60,0xFF,0xFF,0x58,0x00,0x00,0x00,0x00,0xA1,0xFF,0xFF,0x31,
    0x60,0xFF,0xFF,0x58,0x00,0x00,0x00,0x00,0xDB,0xFF,0xF9,0x0A,0x60,0xFF,0xFF,0x58,
    0x00,0x00,0x00,0x60,0xFF,0xFF,0xB0,0x00,0x60,0xFF,0xFF,0x72,0x29,0x41,0x92,0xFC,
    0xFF,0xF4,0x2B,0x00,0x60,0xFF,0xFF,0xFF,0xFF,0xFF,0xFF,0xFF,0xE9,0x42,0x00,0x00,
    0x60,0xFF,0xFF,0xFF,0xFB,0xEA,0xBF,0x73,0x10,0x00,0x00,0x00,0x60,0xFF,0xFF,0xFF,
    0xFF,0xFF,0xFF,0xFF,0x04,0x60,0xFF,0xFF,0xFF,0xFF,0xFF,0xFF,0xFF,0x04,0x60,0xFF,
    0xFF,0x72,0x28,0x28,0x28,0x28,0x00,0x60,0xFF,0xFF,0x58,0x00,0x00,0x00,0x00,0x00,
    0x60,0xFF,0xFF,0x58,0x00,0x00,0x00,0x00,0x00,0x60,0xFF,0xFF,0xFF,0xFF,0xFF,0xFF,
    0xB0,0x00,0x60,0xFF,0xFF,0xFF,0xFF,0xFF,0xFF,0xB0,0x00,0x60,0xFF,0xFF,0x72,0x28,
    0x28,0x28,0x1B,0x00,0x60,0xFF,0xFF,0x58,0x00,0x00,0x00,0x00,0x00,0x60,0xFF,0xFF,
    0x58,0x00,0x00,0x00,0x00,0x00,0x60,0xFF,0xFF,0x72,0x28,0x28,0x28,0x28,0x00,0x60,
    0xFF,0xFF,0xFF,0xFF,0xFF,0xFF,0xFF,0x04,0x60,0xFF,0xFF,0xFF,0xFF,0xFF,0xFF,0xFF,
    0x04,0x00,0x00,0x00,0x60,0xFF,0xFF,0xFF,0xFF,0xFF,0xFF,0xFC,0x60,0xFF,0xFF,0xFF,
    0xFF,0xFF,0xFF,0xFC,0x60,0xFF,0xFF,0x68,0x28,0x28,0x28,0x27,0x60,0xFF,0xFF,0x4C,
    0x00,0x00,0x00,0x00,0x60,0xFF,0xFF,0x4C,0x00,0x00,0x00,0x00,0x60,0xFF,0xFF,0x68,
    0x28,0x28,0x28,0x1A,0x60,0xFF,0xFF,0xFF,0xFF,0xFF,0xFF,0xA8,0x60,0xFF,0xFF,0xFF,
    0xFF,0xFF,0xFF,0xA8,0x60,0xFF,0xFF,0x4C,0x00,0x00,0x00,0x00,0x60,0xFF,0xFF,0x4C,
    0x00,0x00,0x00,0x00,0x60,0xFF,0xFF,0x4C,0x00,0x00,0x00,0x00,0x60,0xFF,0xFF,0x4C,
    0x00,0x00,0x00,0x00,0x60,0xFF,0xFF,0x4C,0x00,0x00,0x00,0x00,0x00,0x00,0x03,0x58,
    0xB3,0xDF,0xF7,0xEB,0xCD,0x8D,0x2A,0x00,0x18,0xC2,0xFF,0xFF,0xFF,0xFF,0xFF,0xFF,
    0xFF,0x45,0x04,0xC3,0xFF,0xFF,0xD3,0x5E,0x32,0x43,0x76,0xB1,0x00,0x5A,0xFF,0xFF,
    0xCC,0x0B,0x00,0x00,0x00,0x00,0x00,0x00,0xB2,0xFF,0xFF,0x3F,0x00,0x00,0x00,0x00,
    0x00,0x00,0x00,0xDA,0xFF,0xF5,0x02,0x00,0x14,0x28,0x28,0x28,0x28,0x17,0xEF,0xFF,
    0xE1,0x00,0x00,0x80,0xFF,0xFF,0xFF,0xFF,0x98,0xE3,0xFF,0xEE,0x00,0x00,0x80,0xFF,
    0xFF,0xFF,0xFF,0x98,0xBF,0xFF,0xFF,0x20,0x00,0x00,0x00,0x14,0xFF,0xFF,0x98,0x78,
    0xFF,0xFF,0x95,0x00,0x00,0x00,0x14,0xFF,0xFF,0x98,0x13,0xEB,0xFF,0xFF,0x9C,0x3F,
    0x2C,0x4F,0xFF,0xFF,0x98,0x00,0x41,0xF1,0xFF,0xFF,0xFF,0xFF,0xFF,0xFF,0xFF,0x98,
    0x00,0x00,0x1E,0x91,0xD8,0xF6,0xFB,0xED,0xCB,0x93,0x3A,0x00,0x60,0xFF,0xFF,0x58,
    0x00,0x00,0x00,0x00,0x90,0xFF,0xFF,0x28,0x60,0xFF,0xFF,0x58,0x00,0x00,0x00,0x00,
    0x90,0xFF,0xFF,0x28,0x60,0xFF,0xFF,0x58,0x00,0x00,0x00,0x00,0x90,0xFF,0xFF,0x28,
    0x60,0xFF,0xFF,0x58,0x00,0x00,0x00,0x00,0x90,0xFF,0xFF,0x28,0x60,0xFF,0xFF,0x58,
    0x00,0x00,0x00,0x00,0x90,0xFF,0xFF,0x28,0x60,0xFF,0xFF,0xFF,0xFF,0xFF,0xFF,0xFF,
    0xFF,0xFF,0xFF,0x28,0x60,0xFF,0xFF,0xFF,0xFF,0xFF,0xFF,0xFF,0xFF,0xFF,0xFF,0x28,
    0x60,0xFF,0xFF,0x72,0x28,0x28,0x28,0x28,0xA1,0xFF,0xFF,0x28,0x60,0xFF,0xFF,0x58,
    0x00,0x00,0x00,0x00,0x90,0xFF,0xFF,0x28,0x60,0xFF,0xFF,0x58,0x00,0x00,0x00,0x00,
    0x90,0xFF,0xFF,0x28,0x60,0xFF,0xFF,0x58,0x00,0x00,0x00,0x00,0x90,0xFF,0xFF,0x28,
    0x60,0xFF,0xFF,0x58,0x00,0x00,0x00,0x00,0x90,0xFF,0xFF,0x28,0x60,0xFF,0xFF,0x58,
    0x00,0x00,0x00,0x00,0x90,0xFF,0xFF,0x28,0x6C,0xFF,0xFF,0xFF,0xFF,0xFF,0x6C,0x56,
    0xFD,0xFF,0xFF,0xFF,0xFD,0x56,0x00,0x23,0xEA,0xFF,0xEA,0x23,0x00,0x00,0x00,0xDC,
    0xFF,0xDC,0x00,0x00,0x00,0x00,0xDC,0xFF,0xDC,0x00,0x00,0x00,0x00,0xDC,0xFF,0xDC,
    0x00,0x00,0x00,0x00,0xDC,0xFF,0xDC,0x00,0x00,0x00,0x00,0xDC,0xFF,0xDC,0x00,0x00,
    0x00,0x00,0xDC,0xFF,0xDC,0x00,0x00,0x00,0x00,0xDC,0xFF,0xDC,0x00,0x00,0x00,0x0B,
    0xE4,0xFF,0xE4,0x0B,0x00,0x45,0xED,0xFF,0xFF,0xFF,0xED,0x45,0x6C,0xFF,0xFF,0xFF,
    0xFF,0xFF,0x6C,0x00,0x00,0x00,0x00,0x60,0xFF,0xFF,0x58,0x00,0x00,0x00,0x60,0xFF,
    0xFF,0x58,0x00,0x00,0x00,0x60,0xFF,0xFF,0x58,0x00,0x00,0x00,0x60,0xFF,0xFF,0x58,
    0x00,0x00,0x00,0x60,0xFF,0xFF,0x58,0x00,0x00,0x00,0x60,0xFF,0xFF,0x58,0x00,0x00,
    0x00,0x60,0xFF,0xFF,0x58,0x00,0x00,0x00,0x60,0xFF,0xFF,0x58,0x00,0x00,0x00,0x60,
    0xFF,0xFF,0x58,0x00,0x00,0x00,0x60,0xFF,0xFF,0x58,0x00,0x00,0x00,0x60,0xFF,0xFF,
    0x58,0x00,0x00,0x00,0x60,0xFF,0xFF,0x56,0x00,0x00,0x00,0x71,0xFF,0xFF,0x45,0x0B,
    0x09,0x1F,0xCE,0xFF,0xFD,0x19,0x54,0xFF,0xFF,0xFF,0xFF,0xA7,0x00,0x53,0xFF,0xFF,
    0xF7,0x9C,0x0C,0x00,0x01,0x1C,0x20,0x07,0x00,0x00,0x00,0x00,0x60,0xFF,0xFF,0x58,
    0x00,0x00,0x00,0x80,0xFF,0xFF,0x89,0x60,0xFF,0xFF,0x58,0x00,0x00,0x47,0xFD,0xFF,
    0xC1,0x03,0x60,0xFF,0xFF,0x58,0x00,0x1E,0xEC,0xFF,0xE7,0x19,0x00,0x60,0xFF,0xFF,
    0x58,0x06,0xCA,0xFF,0xFC,0x3F,0x00,0x00,0x60,0xFF,0xFF,0x58,0x94,0xFF,0xFF,0x77,
    0x00,0x00,0x00,0x60,0xFF,0xFF,0xA2,0xFF,0xFF,0xB6,0x01,0x00,0x00,0x00,0x60,0xFF,
    0xFF,0xFF,0xFF,0xFF,0xD4,0x05,0x00,0x00,0x00,0x60,0xFF,0xFF,0xFF,0xD3,0xFF,0xFF,
    0x7B,0x00,0x00,0x00,0x60,0xFF,0xFF,0x75,0x0D,0xE4,0xFF,0xF7,0x25,0x00,0x00,0x60,
    0xFF,0xFF,0x58,0x00,0x52,0xFF,0xFF,0xBD,0x00,0x00,0x60,0xFF,0xFF,0x58,0x00,0x00,
    0xB2,0xFF,0xFF,0x5F,0x00,0x60,0xFF,0xFF,0x58,0x00,0x00,0x1E,0xF4,0xFF,0xEC,0x14,
    0x60,0xFF,0xFF,0x58,0x00,0x00,0x00,0x74,0xFF,0xFF,0xA3,0x00,0x60,0xFF,0xFF,0x58,
    0x00,0x00,0x00,0x00,0x00,0x60,0xFF,0xFF,0x58,0x00,0x00,0x00,0x00,0x00,0x60,0xFF,
    0xFF,0x58,0x00,0x00,0x00,0x00,0x00,0x60,0xFF,0xFF,0x58,0x00,0x00,0x00,0x00,0x00,
    0x60,0xFF,0xFF,0x58,0x00,0x00,0x00,0x00,0x00,0x60,0xFF,0xFF,0x58,0x00,0x00,0x00,
    0x00,0x00,0x60,0xFF,0xFF,0x58,0x00,0x00,0x00,0x00,0x00,0x60,0xFF,0xFF,0x58,0x00,
    0x00,0x00,0x00,0x00,0x60,0xFF,0xFF,0x58,0x00,0x00,0x00,0x00,0x00,0x60,0xFF,0xFF,
    0x58,0x00,0x00,0x00,0x00,0x00,0x60,0xFF,0xFF,0x82,0x40,0x40,0x40,0x40,0x24,0x60,
    0xFF,0xFF,0xFF,0xFF,0xFF,0xFF,0xFF,0x90,0x60,0xFF,0xFF,0xFF,0xFF,0xFF,0xFF,0xFF,
    0x90,0x00,0x00,0x00,0x60,0xFF,0xFF,0xFF,0x7A,0x00,0x00,0x00,0x00,0x00,0x86,0xFF,
    0xFF,0xFF,0x5C,0x60,0xFF,0xFF,0xFF,0xC9,0x00,0x00,0x00,0x00,0x00,0xD8,0xFF,0xFF,
    0xFF,0x5C,0x60,0xFF,0xFE,0xFF,0xFE,0x18,0x00,0x00,0x00,0x2B,0xFF,0xFE,0xFF,0xFF,
    0x5C,0x60,0xFF,0xEA,0xDE,0xFF,0x65,0x00,0x00,0x00,0x7D,0xFF,0xC6,0xFF,0xFF,0x5C,
    0x60,0xFF,0xF5,0x8F,0xFF,0xB3,0x00,0x00,0x00,0xD0,0xFF,0x7B,0xFF,0xFF,0x5C,0x60,
    0xFF,0xFF,0x43,0xFF,0xF7,0x0A,0x00,0x22,0xFF,0xF8,0x36,0xFF,0xFF,0x5C,0x60,0xFF,
    0xFF,0x0C,0xED,0xFF,0x50,0x00,0x75,0xFF,0xB3,0x2D,0xFF,0xFF,0x5C,0x60,0xFF,0xFF,
    0x0B,0xA2,0xFF,0x9E,0x00,0xC8,0xFF,0x5F,0x30,0xFF,0xFF,0x5C,0x60,0xFF,0xFF,0x0C,
    0x53,0xFF,0xEA,0x1E,0xFE,0xFA,0x10,0x30,0xFF,0xFF,0x5C,0x60,0xFF,0xFF,0x0C,0x0C,
    0xF8,0xFF,0xA8,0xFF,0xB6,0x00,0x30,0xFF,0xFF,0x5C,0x60,0xFF,0xFF,0x0C,0x00,0xB5,
    0xFF,0xFF,0xFF,0x62,0x00,0x30,0xFF,0xFF,0x5C,0x60,0xFF,0xFF,0x0C,0x00,0x66,0xFF,
    0xFF,0xFB,0x12,0x00,0x30,0xFF,0xFF,0x5C,0x60,0xFF,0xFF,0x0C,0x00,0x19,0xFE,0xFF,
    0xBA,0x00,0x00,0x30,0xFF,0xFF,0x5C,0x00,0x60,0xFF,0xFF,0xFF,0x58,0x00,0x00,0x00,
    0x00,0x70,0xFF,0xFF,0x04,0x60,0xFF,0xFF,0xFF,0xE1,0x09,0x00,0x00,0x00,0x70,0xFF,
    0xFF,0x04,0x60,0xFF,0xFF,0xFF,0xFF,0x7C,0x00,0x00,0x00,0x70,0xFF,0xFF,0x04,0x60,
    0xFF,0xEE,0xE2,0xFF,0xF4,0x1A,0x00,0x00,0x70,0xFF,0xFF,0x04,0x60,0xFF,0xF0,0x58,
    0xFF,0xFF,0xA0,0x00,0x00,0x70,0xFF,0xFF,0x04,0x60,0xFF,0xFB,0x00,0xC3,0xFF,0xFE,
    0x34,0x00,0x70,0xFF,0xFF,0x04,0x60,0xFF,0xFF,0x06,0x32,0xFD,0xFF,0xC3,0x00,0x6D,
    0xFF,0xFF,0x04,0x60,0xFF,0xFF,0x0C,0x00,0x9D,0xFF,0xFF,0x56,0x67,0xFF,0xFF,0x04,
    0x60,0xFF,0xFF,0x0C,0x00,0x17,0xF2,0xFF,0xDF,0x67,0xFF,0xFF,0x04,0x60,0xFF,0xFF,
    0x0C,0x00,0x00,0x76,0xFF,0xFF,0xCD,0xFF,0xFF,0x04,0x60,0xFF,0xFF,0x0C,0x00,0x00,
    0x06,0xDB,0xFF,0xFF,0xFF,0xFF,0x04,0x60,0xFF,0xFF,0x0C,0x00,0x00,0x00,0x4E,0xFF,
    0xFF,0xFF,0xFF,0x04,0x60,0xFF,0xFF,0x0C,0x00,0x00,0x00,0x00,0xB9,0xFF,0xFF,0xFF,
    0x04,0x00,0x00,0x00,0x00,0x00,0x17,0x7E,0xCF,0xEC,0xF6,0xDB,0xA0,0x35,0x00,0x00,
    0x00,0x00,0x35,0xE7,0xFF,0xFF,0xFF,0xFF,0xFF,0xFF,0xFD,0x72,0x00,0x00,0x0D,0xE2,
    0xFF,0xFF,0x97,0x3C,0x30,0x6A,0xEE,0xFF,0xFF,0x42,0x00,0x6E,0xFF,0xFF,0x9F,0x00,
    0x00,0x00,0x00,0x4B,0xFF,0xFF,0xC1,0x00,0xBB,0xFF,0xFF,0x31,0x00,0x00,0x00,0x00,
    0x01,0xDC,0xFF,0xFC,0x11,0xDE,0xFF,0xFD,0x04,0x00,0x00,0x00,0x00,0x00,0xAF,0xFF,
    0xFF,0x30,0xEE,0xFF,0xEE,0x00,0x00,0x00,0x00,0x00,0x00,0x9B,0xFF,0xFF,0x42,0xDD,
    0xFF,0xFD,0x04,0x00,0x00,0x00,0x00,0x00,0xAF,0xFF,0xFF,0x30,0xB8,0xFF,0xFF,0x31,
    0x00,0x00,0x00,0x00,0x01,0xDC,0xFF,0xFC,0x10,0x6B,0xFF,0xFF,0x9D,0x00,0x00,0x00,
    0x00,0x49,0xFF,0xFF,0xC0,0x00,0x0B,0xE0,0xFF,0xFF,0x94,0x3A,0x30,0x69,0xEC,0xFF,
    0xFF,0x41,0x00,0x00,0x33,0xE6,0xFF,0xFF,0xFF,0xFF,0xFF,0xFF,0xFD,0x71,0x00,0x00,
    0x00,0x00,0x17,0x7F,0xD0,0xEE,0xF6,0xDC,0xA0,0x35,0x00,0x00,0x00,0x00,0x00,0x00,
    0x60,0xFF,0xFF,0xFF,0xFF,0xF3,0xCE,0x76,0x05,0x00,0x60,0xFF,0xFF,0xFF,0xFF,0xFF,
    0xFF,0xFF,0xB3,0x00,0x60,0xFF,0xFF,0x72,0x2A,0x51,0xDF,0xFF,0xFF,0x40,0x60,0xFF,
    0xFF,0x58,0x00,0x00,0x5E,0xFF,0xFF,0x75,0x60,0xFF,0xFF,0x58,0x00,0x00,0x5A,0xFF,
    0xFF,0x70,0x60,0xFF,0xFF,0x58,0x08,0x39,0xD7,0xFF,0xFF,0x37,0x60,0xFF,0xFF,0xFF,
    0xFF,0xFF,0xFF,0xFF,0xAF,0x00,0x60,0xFF,0xFF,0xFF,0xFF,0xFF,0xE5,0x83,0x06,0x00,
    0x60,0xFF,0xFF,0x72,0x25,0x13,0x01,0x00,0x00,0x00,0x60,0xFF,0xFF,0x58,0x00,0x00,
    0x00,0x00,0x00,0x00,0x60,0xFF,0xFF,0x58,0x00,0x00,0x00,0x00,0x00,0x00,0x60,0xFF,
    0xFF,0x58,0x00,0x00,0x00,0x00,0x00,0x00,0x60,0xFF,0xFF,0x58,0x00,0x00,0x00,0x00,
    0x00,0x00,0x00,0x00,0x00,0x00,0x17,0x7E,0xCF,0xEC,0xF6,0xDB,0xA0,0x35,0x00,0x00,
    0x00,0x00,0x35,0xE7,0xFF,0xFF,0xFF,0xFF,0xFF,0xFF,0xFD,0x72,0x00,0x00,0x0D,0xE2,
    0xFF,0xFF,0x97,0x3C,0x30,0x6A,0xEE,0xFF,0xFF,0x42,0x00,0x6E,0xFF,0xFF,0x9F,0x00,
    0x00,0x00,0x00,0x4B,0xFF,0xFF,0xC0,0x00,0xBB,0xFF,0xFF,0x31,0x00,0x00,0x00,0x00,
    0x01,0xDC,0xFF,0xFC,0x10,0xDE,0xFF,0xFD,0x04,0x00,0x00,0x00,0x00,0x00,0xAF,0xFF,
    0xFF,0x30,0xEE,0xFF,0xEE,0x00,0x00,0x00,0x00,0x00,0x00,0x9B,0xFF,0xFF,0x41,0xDD,
    0xFF,0xFD,0x04,0x00,0x00,0x00,0x00,0x00,0xAF,0xFF,0xFF,0x2E,0xB8,0xFF,0xFF,0x31,
    0x00,0x00,0x00,0x00,0x01,0xDC,0xFF,0xFD,0x10,0x6B,0xFF,0xFF,0x9D,0x00,0x00,0x00,
    0x00,0x49,0xFF,0xFF,0xBD,0x00,0x0B,0xE0,0xFF,0xFF,0x94,0x3A,0x30,0x69,0xEC,0xFF,
    0xFE,0x47,0x00,0x00,0x33,0xE6,0xFF,0xFF,0xFF,0xFF,0xFF,0xFF,0xFD,0x7B,0x00,0x00,
    0x00,0x00,0x17,0x7F,0xD0,0xEE,0xFF,0xFF,0xFF,0x67,0x00,0x00,0x00,0x00,0x00,0x00,
    0x00,0x00,0x00,0x43,0xFC,0xFF,0xE6,0x1E,0x00,0x00,0x00,0x00,0x00,0x00,0x00,0x00,
    0x00,0x75,0xFF,0xFF,0xD5,0x11,0x00,0x00,0x00,0x00,0x00,0x00,0x00,0x00,0x00,0xA8,
    0xFC,0xFC,0xBE,0x06,0x60,0xFF,0xFF,0xFF,0xFD,0xEE,0xC4,0x6E,0x06,0x00,0x00,0x60,
    0xFF,0xFF,0xFF,0xFF,0xFF,0xFF,0xFF,0xB7,0x01,0x00,0x60,0xFF,0xFF,0x72,0x30,0x59,
    0xE0,0xFF,0xFF,0x45,0x00,0x60,0xFF,0xFF,0x58,0x00,0x00,0x5B,0xFF,0xFF,0x76,0x00,
    0x60,0xFF,0xFF,0x58,0x00,0x00,0x61,0xFF,0xFF,0x6D,0x00,0x60,0xFF,0xFF,0x72,0x2F,
    0x5B,0xE3,0xFF,0xF5,0x20,0x00,0x60,0xFF,0xFF,0xFF,0xFF,0xFF,0xFF,0xF6,0x56,0x00,
    0x00,0x60,0xFF,0xFF,0xFF,0xFF,0xFF,0xFF,0x54,0x00,0x00,0x00,0x60,0xFF,0xFF,0x58,
    0x08,0xDD,0xFF,0xD4,0x06,0x00,0x00,0x60,0xFF,0xFF,0x58,0x00,0x49,0xFF,0xFF,0x87,
    0x00,0x00,0x60,0xFF,0xFF,0x58,0x00,0x00,0xAC,0xFF,0xFC,0x36,0x00,0x60,0xFF,0xFF,
    0x58,0x00,0x00,0x1C,0xF3,0xFF,0xD6,0x07,0x60,0xFF,0xFF,0x58,0x00,0x00,0x00,0x72,
    0xFF,0xFF,0x8A,0x00,0x00,0x00,0x3B,0xB4,0xE3,0xF6,0xDA,0xAB,0x57,0x04,0x00,0x59,
    0xFE,0xFF,0xFF,0xFF,0xFF,0xFF,0xE0,0x02,0x00,0xDC,0xFF,0xEF,0x50,0x35,0x60,0xB7,
    0x77,0x00,0x02,0xFF,0xFF,0xB2,0x00,0x00,0x00,0x00,0x00,0x00,0x00,0xE9,0xFF,0xF7,
    0x5A,0x00,0x00,0x00,0x00,0x00,0x00,0x72,0xFF,0xFF,0xFF,0xCD,0x4E,0x00,0x00,0x00,
    0x00,0x01,0x81,0xFC,0xFF,0xFF,0xFF,0xB6,0x10,0x00,0x00,0x00,0x00,0x26,0xA4,0xFD,
    0xFF,0xFF,0xB3,0x00,0x00,0x00,0x00,0x00,0x00,0x33,0xE2,0xFF,0xFF,0x19,0x07,0x06,
    0x00,0x00,0x00,0x00,0x84,0xFF,0xFF,0x2C,0x2C,0xEB,0x92,0x4B,0x2E,0x48,0xDE,0xFF,
    0xF4,0x09,0x2C,0xFF,0xFF,0xFF,0xFF,0xFF,0xFF,0xFF,0x6C,0x00,0x0C,0x7C,0xC7,0xE9,
    0xFB,0xED,0xB8,0x4A,0x00,0x00,0x00,0x00,0xA4,0xFF,0xFF,0xFF,0xFF,0xFF,0xFF,0xFF,
    0xFF,0xFF,0x10,0xA4,0xFF,0xFF,0xFF,0xFF,0xFF,0xFF,0xFF,0xFF,0xFF,0x10,0x19,0x28,
    0x28,0x46,0xFF,0xFF,0xA1,0x28,0x28,0x28,0x02,0x00,0x00,0x00,0x24,0xFF,0xFF,0x90,
    0x00,0x00,0x00,0x00,0x00,0x00,0x00,0x24,0xFF,0xFF,0x90,0x00,0x00,0x00,0x00,0x00,
    0x00,0x00,0x24,0xFF,0xFF,0x90,0x00,0x00,0x00,0x00,0x00,0x00,0x00,0x24,0xFF,0xFF,
    0x90,0x00,0x00,0x00,0x00,0x00,0x00,0x00,0x24,0xFF,0xFF,0x90,0x00,0x00,0x00,0x00,
    0x00,0x00,0x00,0x24,0xFF,0xFF,0x90,0x00,0x00,0x00,0x00,0x00,0x00,0x00,0x24,0xFF,
    0xFF,0x90,0x00,0x00,0x00,0x00,0x00,0x00,0x00,0x24,0xFF,0xFF,0x90,0x00,0x00,0x00,
    0x00,0x00,0x00,0x00,0x24,0xFF,0xFF,0x90,0x00,0x00,0x00,0x00,0x00,0x00,0x00,0x24,
    0xFF,0xFF,0x90,0x00,0x00,0x00,0x00,0x00,0x78,0xFF,0xFF,0x40,0x00,0x00,0x00,0x00,
    0xA4,0xFF,0xFF,0x14,0x78,0xFF,0xFF,0x40,0x00,0x00,0x00,0x00,0xA4,0xFF,0xFF,0x14,
    0x78,0xFF,0xFF,0x40,0x00,0x00,0x00,0x00,0xA4,0xFF,0xFF,0x14,0x78,0xFF,0xFF,0x40,
    0x00,0x00,0x00,0x00,0xA4,0xFF,0xFF,0x14,0x78,0xFF,0xFF,0x40,0x00,0x00,0x00,0x00,
    0xA4,0xFF,0xFF,0x14,0x78,0xFF,0xFF,0x40,0x00,0x00,0x00,0x00,0xA4,0xFF,0xFF,0x14,
    0x78,0xFF,0xFF,0x40,0x00,0x00,0x00,0x00,0xA4,0xFF,0xFF,0x14,0x78,0xFF,0xFF,0x40,
    0x00,0x00,0x00,0x00,0xA4,0xFF,0xFF,0x14,0x72,0xFF,0xFF,0x53,0x00,0x00,0x00,0x00,
    0xB9,0xFF,0xFF,0x0C,0x51,0xFF,0xFF,0x95,0x00,0x00,0x00,0x0E,0xEE,0xFF,0xE8,0x00,
    0x0C,0xEC,0xFF,0xFC,0x94,0x54,0x62,0xCB,0xFF,0xFF,0x8B,0x00,0x00,0x4F,0xFA,0xFF,
    0xFF,0xFF,0xFF,0xFF,0xFF,0xCA,0x0A,0x00,0x00,0x00,0x32,0xA6,0xE5,0xFA,0xEF,0xCA,
    0x73,0x06,0x00,0x00,0xD5,0xFF,0xE5,0x01,0x00,0x00,0x00,0x00,0x35,0xFF,0xFF,0x88,
    0x80,0xFF,0xFF,0x37,0x00,0x00,0x00,0x00,0x85,0xFF,0xFF,0x32,0x29,0xFF,0xFF,0x87,
    0x00,0x00,0x00,0x00,0xD5,0xFF,0xDC,0x00,0x00,0xD4,0xFF,0xD7,0x00,0x00,0x00,0x25,
    0xFF,0xFF,0x86,0x00,0x00,0x7E,0xFF,0xFF,0x27,0x00,0x00,0x76,0xFF,0xFF,0x30,0x00,
    0x00,0x28,0xFF,0xFF,0x77,0x00,0x00,0xC6,0xFF,0xDA,0x00,0x00,0x00,0x00,0xD2,0xFF,
    0xC6,0x00,0x18,0xFE,0xFF,0x83,0x00,0x00,0x00,0x00,0x7D,0xFF,0xFE,0x18,0x67,0xFF,
    0xFF,0x2D,0x00,0x00,0x00,0x00,0x26,0xFF,0xFF,0x5C,0xB2,0xFF,0xD7,0x00,0x00,0x00,
    0x00,0x00,0x00,0xD1,0xFF,0x9E,0xEE,0xFF,0x81,0x00,0x00,0x00,0x00,0x00,0x00,0x7B,
    0xFF,0xED,0xFF,0xFF,0x2B,0x00,0x00,0x00,0x00,0x00,0x00,0x25,0xFF,0xFF,0xFF,0xD5,
    0x00,0x00,0x00,0x00,0x00,0x00,0x00,0x00,0xCF,0xFF,0xFF,0x7F,0x00,0x00,0x00,0x00,
    0xE0,0xFF,0xCC,0x00,0x00,0x00,0x00,0xB5,0xFF,0xFF,0x1C,0x00,0x00,0x00,0x66,0xFF,
    0xFF,0x47,0x9F,0xFF,0xFB,0x0B,0x00,0x00,0x04,0xF2,0xFF,0xFF,0x5E,0x00,0x00,0x00,
    0xA0,0xFF,0xFA,0x0B,0x5F,0xFF,0xFF,0x41,0x00,0x00,0x39,0xFF,0xFF,0xFF,0xA0,0x00,
    0x00,0x00,0xDB,0xFF,0xC6,0x00,0x1E,0xFF,0xFF,0x7C,0x00,0x00,0x7B,0xFF,0xEA,0xFF,
    0xE1,0x00,0x00,0x16,0xFF,0xFF,0x85,0x00,0x00,0xDD,0xFF,0xB6,0x00,0x00,0xBC,0xFF,
    0x92,0xFF,0xFF,0x23,0x00,0x51,0xFF,0xFF,0x44,0x00,0x00,0x9D,0xFF,0xEE,0x01,0x07,
    0xF6,0xFF,0x44,0xE1,0xFF,0x65,0x00,0x8C,0xFF,0xFA,0x0A,0x00,0x00,0x5C,0xFF,0xFF,
    0x2B,0x40,0xFF,0xFB,0x0C,0xA7,0xFF,0xA7,0x00,0xC7,0xFF,0xC3,0x00,0x00,0x00,0x1B,
    0xFF,0xFF,0x65,0x81,0xFF,0xC7,0x00,0x65,0xFF,0xE7,0x06,0xF9,0xFF,0x83,0x00,0x00,
    0x00,0x00,0xDB,0xFF,0x9A,0xB8,0xFF,0x85,0x00,0x23,0xFF,0xFF,0x51,0xFF,0xFF,0x42,
    0x00,0x00,0x00,0x00,0x9A,0xFF,0xC9,0xE5,0xFF,0x44,0x00,0x00,0xE0,0xFF,0xB1,0xFF,
    0xF8,0x09,0x00,0x00,0x00,0x00,0x5A,0xFF,0xF5,0xFF,0xF9,0x09,0x00,0x00,0x9E,0xFF,
    0xF5,0xFF,0xC1,0x00,0x00,0x00,0x00,0x00,0x19,0xFF,0xFF,0xFF,0xC1,0x00,0x00,0x00,
    0x5C,0xFF,0xFF,0xFF,0x80,0x00,0x00,0x00,0x00,0x00,0x00,0xD8,0xFF,0xFF,0x80,0x00,
    0x00,0x00,0x1A,0xFF,0xFF,0xFF,0x40,0x00,0x00,0x00,0x00,0x00,0x6C,0xFF,0xFF,0x91,
    0x00,0x00,0x00,0x00,0x85,0xFF,0xFF,0x64,0x02,0xC8,0xFF,0xFB,0x2A,0x00,0x00,0x1F,
    0xF7,0xFF,0xC4,0x01,0x00,0x2F,0xFB,0xFF,0xB9,0x00,0x00,0xA8,0xFF,0xFB,0x2C,0x00,
    0x00,0x00,0x8A,0xFF,0xFF,0x4E,0x3A,0xFF,0xFF,0x89,0x00,0x00,0x00,0x00,0x0A,0xDF,
    0xFF,0xDB,0xCA,0xFF,0xE0,0x0A,0x00,0x00,0x00,0x00,0x00,0x48,0xFF,0xFF,0xFF,0xFF,
    0x4D,0x00,0x00,0x00,0x00,0x00,0x00,0x03,0xE3,0xFF,0xFF,0xD4,0x00,0x00,0x00,0x00,
    0x00,0x00,0x00,0x76,0xFF,0xFF,0xFF,0xFF,0x53,0x00,0x00,0x00,0x00,0x00,0x23,0xF6,
    0xFF,0xB2,0xD8,0xFF,0xE9,0x14,0x00,0x00,0x00,0x00,0xBE,0xFF,0xF4,0x1D,0x42,0xFF,
    0xFF,0xA9,0x00,0x00,0x00,0x64,0xFF,0xFF,0x74,0x00,0x00,0xA5,0xFF,0xFF,0x54,0x00,
    0x19,0xEF,0xFF,0xD3,0x04,0x00,0x00,0x17,0xF0,0xFF,0xEA,0x15,0xAE,0xFF,0xFE,0x3B,
    0x00,0x00,0x00,0x00,0x6B,0xFF,0xFF,0xAA,0xBD,0xFF,0xFF,0x34,0x00,0x00,0x00,0x0B,
    0xEA,0xFF,0xEA,0x0D,0x36,0xFF,0xFF,0xB4,0x00,0x00,0x00,0x77,0xFF,0xFF,0x6E,0x00,
    0x00,0xAF,0xFF,0xFF,0x35,0x00,0x0C,0xEB,0xFF,0xDF,0x06,0x00,0x00,0x2B,0xFD,0xFF,
    0xB5,0x00,0x7B,0xFF,0xFF,0x5D,0x00,0x00,0x00,0x00,0xA1,0xFF,0xFF,0x44,0xEE,0xFF,
    0xD3,0x02,0x00,0x00,0x00,0x00,0x20,0xF9,0xFF,0xF4,0xFF,0xFF,0x4C,0x00,0x00,0x00,
    0x00,0x00,0x00,0x93,0xFF,0xFF,0xFF,0xC4,0x00,0x00,0x00,0x00,0x00,0x00,0x00,0x17,
    0xF4,0xFF,0xFF,0x3C,0x00,0x00,0x00,0x00,0x00,0x00,0x00,0x00,0xBC,0xFF,0xF8,0x00,
    0x00,0x00,0x00,0x00,0x00,0x00,0x00,0x00,0xBC,0xFF,0xF8,0x00,0x00,0x00,0x00,0x00,
    0x00,0x00,0x00,0x00,0xBC,0xFF,0xF8,0x00,0x00,0x00,0x00,0x00,0x00,0x00,0x00,0x00,
    0xBC,0xFF,0xF8,0x00,0x00,0x00,0x00,0x00,0x00,0x00,0x00,0x00,0xBC,0xFF,0xF8,0x00,
    0x00,0x00,0x00,0x00,0x68,0xFF,0xFF,0xFF,0xFF,0xFF,0xFF,0xFF,0xFF,0xD4,0x68,0xFF,
    0xFF,0xFF,0xFF,0xFF,0xFF,0xFF,0xFF,0xCB,0x10,0x28,0x28,0x28,0x28,0x28,0xBD,0xFF,
    0xFF,0x48,0x00,0x00,0x00,0x00,0x00,0x4F,0xFF,0xFF,0x9B,0x00,0x00,0x00,0x00,0x00,
    0x13,0xE8,0xFF,0xE1,0x0E,0x00,0x00,0x00,0x00,0x00,0xA8,0xFF,0xFE,0x44,0x00,0x00,
    0x00,0x00,0x00,0x53,0xFF,0xFF,0x97,0x00,0x00,0x00,0x00,0x00,0x15,0xEA,0xFF,0xDE,
    0x0C,0x00,0x00,0x00,0x00,0x00,0xAB,0xFF,0xFE,0x40,0x00,0x00,0x00,0x00,0x00,0x58,
    0xFF,0xFF,0x93,0x00,0x00,0x00,0x00,0x00,0x17,0xEC,0xFF,0xEB,0x32,0x28,0x28,0x28,
    0x28,0x27,0x87,0xFF,0xFF,0xFF,0xFF,0xFF,0xFF,0xFF,0xFF,0xFC,0x90,0xFF,0xFF,0xFF,
    0xFF,0xFF,0xFF,0xFF,0xFF,0xFC,0x00,0x00,0xBC,0xFF,0xFF,0xFF,0x84,0xBC,0xFF,0xFF,
    0xFF,0x84,0xBC,0xFF,0x9E,0x28,0x14,0xBC,0xFF,0x8C,0x00,0x00,0xBC,0xFF,0x8C,0x00,
    0x00,0xBC,0xFF,0x8C,0x00,0x00,0xBC,0xFF,0x8C,0x00,0x00,0xBC,0xFF,0x8C,0x00,0x00,
    0xBC,0xFF,0x8C,0x00,0x00,0xBC,0xFF,0x8C,0x00,0x00,0xBC,0xFF,0x8C,0x00,0x00,0xBC,
    0xFF,0x8C,0x00,0x00,0xBC,0xFF,0x8C,0x00,0x00,0xBC,0xFF,0x8C,0x00,0x00,0xBC,0xFF,
    0xFF,0xFF,0x84,0xBC,0xFF,0xFF,0xFF,0x84,0x1D,0x28,0x28,0x28,0x14,0x00,0x00,0x00,
    0xB5,0xFF,0xB6,0x00,0x00,0x00,0x00,0x00,0x57,0xFF,0xFC,0x18,0x00,0x00,0x00,0x00,
    0x08,0xF0,0xFF,0x73,0x00,0x00,0x00,0x00,0x00,0x9B,0xFF,0xD2,0x00,0x00,0x00,0x00,
    0x00,0x3D,0xFF,0xFF,0x30,0x00,0x00,0x00,0x00,0x00,0xDD,0xFF,0x8F,0x00,0x00,0x00,
    0x00,0x00,0x80,0xFF,0xE9,0x04,0x00,0x00,0x00,0x00,0x22,0xFF,0xFF,0x4C,0x00,0x00,
    0x00,0x00,0x00,0xC4,0xFF,0xAA,0x00,0x00,0x00,0x00,0x00,0x66,0xFF,0xF8,0x10,0x00,
    0x00,0x00,0x00,0x10,0xF7,0xFF,0x67,0x00,0x00,0x00,0x00,0x00,0xAA,0xFF,0xC6,0x00,
    0x00,0x00,0x00,0x00,0x4B,0xFF,0xFF,0x25,0x8C,0xFF,0xFF,0xFF,0xB4,0x8C,0xFF,0xFF,
    0xFF,0xB4,0x15,0x28,0xA8,0xFF,0xB4,0x00,0x00,0x98,0xFF,0xB4,0x00,0x00,0x98,0xFF,
    0xB4,0x00,0x00,0x98,0xFF,0xB4,0x00,0x00,0x98,0xFF,0xB4,0x00,0x00,0x98,0xFF,0xB4,
    0x00,0x00,0x98,0xFF,0xB4,0x00,0x00,0x98,0xFF,0xB4,0x00,0x00,0x98,0xFF,0xB4,0x00,
    0x00,0x98,0xFF,0xB4,0x00,0x00,0x98,0xFF,0xB4,0x00,0x00,0x98,0xFF,0xB4,0x8C,0xFF,
    0xFF,0xFF,0xB4,0x8C,0xFF,0xFF,0xFF,0xB4,0x15,0x28,0x28,0x28,0x1C,0x00,0x00,0x00,
    0x00,0x00,0x00,0x00,0x6C,0x54,0x00,0x00,0x00,0x00,0x00,0x00,0x00,0x30,0xFF,0xF4,
    0x16,0x00,0x00,0x00,0x00,0x00,0x00,0xA5,0xFF,0xFF,0x8D,0x00,0x00,0x00,0x00,0x00,
    0x1D,0xFB,0xDA,0xE6,0xF6,0x19,0x00,0x00,0x00,0x00,0x8D,0xFF,0x6B,0x71,0xFF,0x92,
    0x00,0x00,0x00,0x0F,0xF2,0xF0,0x0C,0x09,0xE8,0xF8,0x1D,0x00,0x00,0x76,0xFF,0x8F,
    0x00,0x00,0x74,0xFF,0x98,0x00,0x05,0xE4,0xFD,0x23,0x00,0x00,0x0B,0xEA,0xFA,0x21,
    0x5E,0xFF,0xB3,0x00,0x00,0x00,0x00,0x77,0xFF,0x9E,0x00,0x00,0x07,0xFC,0xFC,0xFC,
    0xFC,0xFC,0xFC,0xFC,0x6E,0x01,0x2C,0x2C,0x2C,0x2C,0x2C,0x2C,0x2C,0x13,0x00,0x00,
    0x19,0xDE,0xFF,0xF0,0x1E,0x00,0x00,0x17,0xC9,0xFF,0xC4,0x04,0x00,0x00,0x08,0x9F,
    0xFF,0x8E,0x00,0x00,0x00,0x06,0x58,0xB7,0xEC,0xF9,0xDE,0x9E,0x21,0x00,0x00,0x1B,
    0xF8,0xFF,0xFF,0xFF,0xFF,0xFF,0xEA,0x13,0x00,0x00,0x7C,0x7D,0x45,0x31,0xA2,0xFF,
    0xFF,0x65,0x00,0x00,0x00,0x00,0x00,0x00,0x2B,0xFF,0xFF,0x81,0x00,0x18,0x94,0xDB,
    0xF8,0xFF,0xFF,0xFF,0xFF,0x84,0x03,0xD8,0xFF,0xFF,0xF7,0xDE,0xDD,0xFF,0xFF,0x84,
    0x32,0xFF,0xFF,0xBD,0x0B,0x00,0x2E,0xFF,0xFF,0x84,0x2B,0xFF,0xFF,0xC1,0x39,0x41,
    0xBD,0xFF,0xFF,0x84,0x05,0xDE,0xFF,0xFF,0xFF,0xFF,0xDF,0xDE,0xFF,0x84,0x00,0x2B,
    0xBB,0xF3,0xF0,0xAF,0x1E,0x83,0xFF,0x84,0x98,0xFF,0xFF,0x18,0x00,0x00,0x00,0x00,
    0x00,0x00,0x98,0xFF,0xFF,0x18,0x00,0x00,0x00,0x00,0x00,0x00,0x98,0xFF,0xFF,0x18,
    0x00,0x00,0x00,0x00,0x00,0x00,0x98,0xFF,0xFF,0x15,0x00,0x00,0x00,0x00,0x00,0x00,
    0x98,0xFF,0xFF,0x2B,0xB5,0xF4,0xEB,0x94,0x09,0x00,0x98,0xFF,0xFF,0xDE,0xFF,0xFF,
    0xFF,0xFF,0xAE,0x00,0x98,0xFF,0xFF,0xCE,0x40,0x49,0xE4,0xFF,0xFF,0x31,0x98,0xFF,
    0xFF,0x45,0x00,0x00,0x65,0xFF,0xFF,0x72,0x98,0xFF,0xFF,0x1E,0x00,0x00,0x34,0xFF,
    0xFF,0x8C,0x98,0xFF,0xFF,0x23,0x00,0x00,0x35,0xFF,0xFF,0x8C,0x98,0xFF,0xFF,0x4E,
    0x00,0x00,0x67,0xFF,0xFF,0x70,0x98,0xFF,0xFF,0xD5,0x44,0x48,0xE5,0xFF,0xFF,0x2F,
    0x98,0xFF,0xFF,0xFF,0xFF,0xFF,0xFF,0xFF,0xAA,0x00,0x98,0xFF,0xAD,0x4A,0xD2,0xF9,
    0xEA,0x90,0x08,0x00,0x00,0x00,0x1A,0x97,0xDF,0xF8,0xE6,0xBC,0x4A,0x00,0x21,0xEC,
    0xFF,0xFF,0xFF,0xFF,0xFF,0x60,0x00,0xB1,0xFF,0xFF,0x8D,0x35,0x4D,0x97,0x0C,0x09,
    0xFA,0xFF,0xCE,0x00,0x00,0x00,0x00,0x00,0x23,0xFF,0xFF,0x9A,0x00,0x00,0x00,0x00,
    0x00,0x28,0xFF,0xFF,0x98,0x00,0x00,0x00,0x00,0x00,0x0F,0xFE,0xFF,0xCB,0x00,0x00,
    0x00,0x00,0x00,0x00,0xC9,0xFF,0xFF,0x8A,0x34,0x48,0x8D,0x57,0x00,0x40,0xFA,0xFF,
    0xFF,0xFF,0xFF,0xFF,0x64,0x00,0x00,0x35,0xB1,0xEC,0xFC,0xEE,0xAA,0x24,0x00,0x00,
    0x00,0x00,0x00,0x00,0x00,0x00,0x00,0xB0,0xFF,0xFC,0x00,0x00,0x00,0x00,0x00,0x00,
    0x00,0xB0,0xFF,0xFC,0x00,0x00,0x00,0x00,0x00,0x00,0x00,0xB0,0xFF,0xFC,0x00,0x00,
    0x00,0x00,0x00,0x00,0x00,0xAD,0xFF,0xFC,0x00,0x00,0x50,0xD1,0xF8,0xDE,0x6E,0x9F,
    0xFF,0xFC,0x00,0x49,0xFD,0xFF,0xFF,0xFF,0xFF,0xE5,0xFF,0xFC,0x00,0xCC,0xFF,0xFF,
    0x83,0x35,0x7A,0xFE,0xFF,0xFC,0x0E,0xFE,0xFF,0xC9,0x00,0x00,0x00,0xBE,0xFF,0xFC,
    0x29,0xFF,0xFF,0x95,0x00,0x00,0x00,0x90,0xFF,0xFC,0x29,0xFF,0xFF,0x94,0x00,0x00,
    0x00,0x8C,0xFF,0xFC,0x0F,0xFF,0xFF,0xC4,0x00,0x00,0x00,0xB8,0xFF,0xFC,0x00,0xCE,
    0xFF,0xFF,0x7E,0x34,0x73,0xFD,0xFF,0xFC,0x00,0x4C,0xFE,0xFF,0xFF,0xFF,0xFF,0xD4,
    0xFF,0xFC,0x00,0x00,0x54,0xD5,0xF9,0xD9,0x5C,0x3D,0xFF,0xFC,0x00,0x00,0x1E,0x9D,
    0xE4,0xF9,0xE1,0x91,0x11,0x00,0x00,0x20,0xEB,0xFF,0xFF,0xFF,0xFF,0xFF,0xD4,0x0C,
    0x00,0xAD,0xFF,0xFC,0x6C,0x31,0x71,0xFE,0xFF,0x77,0x08,0xF8,0xFF,0xBD,0x28,0x28,
    0x28,0xC9,0xFF,0xBE,0x23,0xFF,0xFF,0xFF,0xFF,0xFF,0xFF,0xFF,0xFF,0xD8,0x24,0xFF,
    0xFF,0xFF,0xFF,0xFF,0xFF,0xFF,0xFF,0xDC,0x09,0xFA,0xFF,0xAA,0x00,0x00,0x00,0x00,
    0x00,0x00,0x00,0xAC,0xFF,0xFE,0x83,0x36,0x32,0x4A,0x85,0x38,0x00,0x1B,0xE3,0xFF,
    0xFF,0xFF,0xFF,0xFF,0xFF,0x50,0x00,0x00,0x12,0x8B,0xD9,0xF7,0xF9,0xDD,0x90,0x19,
    0x00,0x00,0x20,0xAD,0xED,0xF8,0xDF,0x77,0x00,0x00,0xCB,0xFF,0xFF,0xFF,0xFF,0x68,
    0x00,0x15,0xFF,0xFF,0xCF,0x33,0x45,0x10,0x00,0x27,0xFF,0xFF,0x86,0x00,0x00,0x00,
    0x3F,0xD0,0xFF,0xFF,0xFF,0xFF,0xD8,0x00,0xA4,0xFF,0xFF,0xFF,0xFF,0xFF,0xD8,0x00,
    0x19,0x49,0xFF,0xFF,0x97,0x28,0x21,0x00,0x00,0x28,0xFF,0xFF,0x84,0x00,0x00,0x00,
    0x00,0x28,0xFF,0xFF,0x84,0x00,0x00,0x00,0x00,0x28,0xFF,0xFF,0x84,0x00,0x00,0x00,
    0x00,0x28,0xFF,0xFF,0x84,0x00,0x00,0x00,0x00,0x28,0xFF,0xFF,0x84,0x00,0x00,0x00,
    0x00,0x28,0xFF,0xFF,0x84,0x00,0x00,0x00,0x00,0x28,0xFF,0xFF,0x84,0x00,0x00,0x00,
    0x00,0x00,0x51,0xD2,0xF9,0xDD,0x6E,0x5C,0xFF,0xFC,0x00,0x47,0xFD,0xFF,0xFF,0xFF,
    0xFF,0xDF,0xFF,0xFC,0x00,0xC9,0xFF,0xFF,0x7D,0x34,0x77,0xFE,0xFF,0xFC,0x0D,0xFE,
    0xFF,0xC6,0x00,0x00,0x00,0xBB,0xFF,0xFC,0x29,0xFF,0xFF,0x98,0x00,0x00,0x00,0x90,
    0xFF,0xFC,0x29,0xFF,0xFF,0x97,0x00,0x00,0x00,0x8A,0xFF,0xFC,0x0F,0xFF,0xFF,0xC6,
    0x00,0x00,0x00,0xAF,0xFF,0xFC,0x00,0xCE,0xFF,0xFF,0x7D,0x33,0x6C,0xFC,0xFF,0xFC,
    0x00,0x51,0xFF,0xFF,0xFF,0xFF,0xFF,0xE4,0xFF,0xFC,0x00,0x00,0x5B,0xD7,0xF9,0xD9,
    0x5C,0xAF,0xFF,0xFB,0x00,0x00,0x00,0x00,0x00,0x00,0x00,0xCF,0xFF,0xEA,0x00,0x6B,
    0x80,0x4C,0x36,0x32,0x84,0xFF,0xFF,0xAC,0x00,0x98,0xFF,0xFF,0xFF,0xFF,0xFF,0xFF,
    0xEF,0x28,0x00,0x4A,0xB4,0xE5,0xF7,0xF9,0xDF,0x9B,0x21,0x00,0x98,0xFF,0xFF,0x18,
    0x00,0x00,0x00,0x00,0x00,0x00,0x98,0xFF,0xFF,0x18,0x00,0x00,0x00,0x00,0x00,0x00,
    0x98,0xFF,0xFF,0x17,0x00,0x00,0x00,0x00,0x00,0x00,0x98,0xFF,0xFF,0x13,0x00,0x00,
    0x00,0x00,0x00,0x00,0x98,0xFF,0xFF,0x2B,0xB3,0xF4,0xEA,0xAF,0x26,0x00,0x98,0xFF,
    0xFD,0xDE,0xFF,0xFF,0xFF,0xFF,0xEA,0x0F,0x98,0xFF,0xFF,0xE6,0x51,0x39,0xCA,0xFF,
    0xFF,0x58,0x98,0xFF,0xFF,0x60,0x00,0x00,0x4F,0xFF,0xFF,0x74,0x98,0xFF,0xFF,0x2A,
    0x00,0x00,0x35,0xFF,0xFF,0x78,0x98,0xFF,0xFF,0x19,0x00,0x00,0x34,0xFF,0xFF,0x78,
    0x98,0xFF,0xFF,0x18,0x00,0x00,0x34,0xFF,0xFF,0x78,0x98,0xFF,0xFF,0x18,0x00,0x00,
    0x34,0xFF,0xFF,0x78,0x98,0xFF,0xFF,0x18,0x00,0x00,0x34,0xFF,0xFF,0x78,0x98,0xFF,
    0xFF,0x18,0x00,0x00,0x34,0xFF,0xFF,0x78,0x6F,0xED,0xCF,0x13,0x8B,0xFF,0xF2,0x1B,
    0x00,0x16,0x05,0x00,0x00,0x00,0x00,0x00,0x98,0xFF,0xFF,0x18,0x98,0xFF,0xFF,0x18,
    0x98,0xFF,0xFF,0x18,0x98,0xFF,0xFF,0x18,0x98,0xFF,0xFF,0x18,0x98,0xFF,0xFF,0x18,
    0x98,0xFF,0xFF,0x18,0x98,0xFF,0xFF,0x18,0x98,0xFF,0xFF,0x18,0x98,0xFF,0xFF,0x18,
    0x00,0x00,0x00,0x6F,0xED,0xCF,0x13,0x00,0x00,0x00,0x8B,0xFF,0xF2,0x1B,0x00,0x00,
    0x00,0x00,0x16,0x05,0x00,0x00,0x00,0x00,0x00,0x00,0x00,0x00,0x00,0x00,0x00,0x98,
    0xFF,0xFF,0x18,0x00,0x00,0x00,0x98,0xFF,0xFF,0x18,0x00,0x00,0x00,0x98,0xFF,0xFF,
    0x18,0x00,0x00,0x00,0x98,0xFF,0xFF,0x18,0x00,0x00,0x00,0x98,0xFF,0xFF,0x18,0x00,
    0x00,0x00,0x98,0xFF,0xFF,0x18,0x00,0x00,0x00,0x98,0xFF,0xFF,0x18,0x00,0x00,0x00,
    0x98,0xFF,0xFF,0x18,0x00,0x00,0x00,0x98,0xFF,0xFF,0x18,0x00,0x00,0x00,0x98,0xFF,
    0xFF,0x18,0x00,0x00,0x00,0x9E,0xFF,0xFF,0x17,0x0B,0x32,0x3F,0xE5,0xFF,0xFA,0x06,
    0x28,0xFF,0xFF,0xFF,0xFF,0xA7,0x00,0x21,0xEB,0xFC,0xE8,0x96,0x0D,0x00,0x00,0x00,
    0x98,0xFF,0xFF,0x18,0x00,0x00,0x00,0x00,0x00,0x00,0x00,0x98,0xFF,0xFF,0x18,0x00,
    0x00,0x00,0x00,0x00,0x00,0x00,0x98,0xFF,0xFF,0x18,0x00,0x00,0x00,0x00,0x00,0x00,
    0x00,0x98,0xFF,0xFF,0x18,0x00,0x00,0x00,0x00,0x00,0x00,0x00,0x98,0xFF,0xFF,0x18,
    0x00,0x00,0x8C,0xFF,0xFF,0x78,0x00,0x98,0xFF,0xFF,0x18,0x00,0x75,0xFF,0xFF,0x92,
    0x00,0x00,0x98,0xFF,0xFF,0x15,0x5E,0xFE,0xFF,0xAA,0x02,0x00,0x00,0x98,0xFF,0xFF,
    0x46,0xFA,0xFF,0xBF,0x07,0x00,0x00,0x00,0x98,0xFF,0xFA,0xE3,0xFF,0xFF,0x39,0x00,
    0x00,0x00,0x00,0x98,0xFF,0xFF,0xFF,0xFF,0xFF,0xD3,0x08,0x00,0x00,0x00,0x98,0xFF,
    0xFF,0x90,0x65,0xFF,0xFF,0x97,0x00,0x00,0x00,0x98,0xFF,0xFF,0x18,0x00,0xAF,0xFF,
    0xFF,0x53,0x00,0x00,0x98,0xFF,0xFF,0x18,0x00,0x14,0xE7,0xFF,0xEF,0x1F,0x00,0x98,
    0xFF,0xFF,0x18,0x00,0x00,0x4A,0xFF,0xFF,0xC5,0x04,0x00,0x00,0x98,0xFF,0xFF,0x18,
    0x98,0xFF,0xFF,0x18,0x98,0xFF,0xFF,0x18,0x98,0xFF,0xFF,0x18,0x98,0xFF,0xFF,0x18,
    0x98,0xFF,0xFF,0x18,0x98,0xFF,0xFF,0x18,0x98,0xFF,0xFF,0x18,0x98,0xFF,0xFF,0x18,
    0x98,0xFF,0xFF,0x18,0x98,0xFF,0xFF,0x18,0x98,0xFF,0xFF,0x18,0x98,0xFF,0xFF,0x18,
    0x98,0xFF,0xFF,0x18,0x98,0xFF,0xA1,0x69,0xCD,0xF2,0xF4,0xC4,0x45,0x59,0xC7,0xEF,
    0xEA,0xB0,0x23,0x00,0x98,0xFF,0xFF,0xFF,0xFF,0xFF,0xFF,0xFF,0xFF,0xFF,0xFF,0xFF,
    0xFF,0xFF,0xDE,0x04,0x98,0xFF,0xFF,0xE0,0x48,0x47,0xEB,0xFF,0xFF,0xE9,0x52,0x3E,
    0xDC,0xFF,0xFF,0x38,0x98,0xFF,0xFF,0x5B,0x00,0x00,0x91,0xFF,0xFF,0x70,0x00,0x00,
    0x75,0xFF,0xFF,0x51,0x98,0xFF,0xFF,0x29,0x00,0x00,0x79,0xFF,0xFF,0x40,0x00,0x00,
    0x5D,0xFF,0xFF,0x54,0x98,0xFF,0xFF,0x19,0x00,0x00,0x78,0xFF,0xFF,0x34,0x00,0x00,
    0x5C,0xFF,0xFF,0x54,0x98,0xFF,0xFF,0x18,0x00,0x00,0x78,0xFF,0xFF,0x34,0x00,0x00,
    0x5C,0xFF,0xFF,0x54,0x98,0xFF,0xFF,0x18,0x00,0x00,0x78,0xFF,0xFF,0x34,0x00,0x00,
    0x5C,0xFF,0xFF,0x54,0x98,0xFF,0xFF,0x18,0x00,0x00,0x78,0xFF,0xFF,0x34,0x00,0x00,
    0x5C,0xFF,0xFF,0x54,0x98,0xFF,0xFF,0x18,0x00,0x00,0x78,0xFF,0xFF,0x34,0x00,0x00,
    0x5C,0xFF,0xFF,0x54,0x98,0xFF,0x93,0x31,0xBA,0xF3,0xEB,0xB1,0x28,0x00,0x98,0xFF,
    0xE4,0xEF,0xFF,0xFF,0xFF,0xFF,0xEB,0x10,0x98,0xFF,0xFF,0xE4,0x50,0x38,0xC8,0xFF,
    0xFF,0x59,0x98,0xFF,0xFF,0x5D,0x00,0x00,0x4E,0xFF,0xFF,0x74,0x98,0xFF,0xFF,0x29,
    0x00,0x00,0x35,0xFF,0xFF,0x78,0x98,0xFF,0xFF,0x19,0x00,0x00,0x34,0xFF,0xFF,0x78,
    0x98,0xFF,0xFF,0x18,0x00,0x00,0x34,0xFF,0xFF,0x78,0x98,0xFF,0xFF,0x18,0x00,0x00,
    0x34,0xFF,0xFF,0x78,0x98,0xFF,0xFF,0x18,0x00,0x00,0x34,0xFF,0xFF,0x78,0x98,0xFF,
    0xFF,0x18,0x00,0x00,0x34,0xFF,0xFF,0x78,0x00,0x00,0x1E,0x9B,0xE3,0xFA,0xE5,0x9E,
    0x21,0x00,0x00,0x00,0x24,0xEB,0xFF,0xFF,0xFF,0xFF,0xFF,0xEF,0x2C,0x00,0x00,0xB3,
    0xFF,0xFF,0x7E,0x34,0x6C,0xF9,0xFF,0xC8,0x00,0x0A,0xFB,0xFF,0xC4,0x00,0x00,0x00,
    0xA3,0xFF,0xFF,0x23,0x27,0xFF,0xFF,0x97,0x00,0x00,0x00,0x74,0xFF,0xFF,0x46,0x23,
    0xFF,0xFF,0x98,0x00,0x00,0x00,0x75,0xFF,0xFF,0x4A,0x07,0xF7,0xFF,0xC7,0x00,0x00,
    0x00,0xA5,0xFF,0xFF,0x27,0x00,0xA4,0xFF,0xFF,0x80,0x34,0x6C,0xFA,0xFF,0xD3,0x00,
    0x00,0x17,0xE2,0xFF,0xFF,0xFF,0xFF,0xFF,0xF5,0x39,0x00,0x00,0x00,0x14,0x93,0xE0,
    0xFA,0xEA,0xA8,0x2B,0x00,0x00,0x00,0x00,0x98,0xFF,0xB4,0x1F,0xB5,0xF4,0xEB,0x94,
    0x09,0x00,0x98,0xFF,0xF3,0xDD,0xFF,0xFF,0xFF,0xFF,0xAE,0x00,0x98,0xFF,0xFF,0xCE,
    0x40,0x46,0xDF,0xFF,0xFF,0x31,0x98,0xFF,0xFF,0x45,0x00,0x00,0x60,0xFF,0xFF,0x72,
    0x98,0xFF,0xFF,0x1E,0x00,0x00,0x33,0xFF,0xFF,0x8C,0x98,0xFF,0xFF,0x23,0x00,0x00,
    0x34,0xFF,0xFF,0x8C,0x98,0xFF,0xFF,0x4E,0x00,0x00,0x61,0xFF,0xFF,0x70,0x98,0xFF,
    0xFF,0xD5,0x44,0x44,0xDF,0xFF,0xFF,0x2D,0x98,0xFF,0xFC,0xF2,0xFF,0xFF,0xFF,0xFF,
    0xA7,0x00,0x98,0xFF,0xFE,0x31,0xC4,0xF7,0xE9,0x8C,0x07,0x00,0x98,0xFF,0xFF,0x17,
    0x00,0x00,0x00,0x00,0x00,0x00,0x98,0xFF,0xFF,0x18,0x00,0x00,0x00,0x00,0x00,0x00,
    0x98,0xFF,0xFF,0x18,0x00,0x00,0x00,0x00,0x00,0x00,0x98,0xFF,0xFF,0x18,0x00,0x00,
    0x00,0x00,0x00,0x00,0x00,0x00,0x50,0xD2,0xF8,0xDE,0x64,0x5D,0xFF,0xFC,0x00,0x49,
    0xFD,0xFF,0xFF,0xFF,0xFF,0xDA,0xFF,0xFC,0x00,0xCC,0xFF,0xFF,0x7E,0x35,0x78,0xFD,
    0xFF,0xFC,0x0E,0xFE,0xFF,0xC8,0x00,0x00,0x00,0xBC,0xFF,0xFC,0x29,0xFF,0xFF,0x98,
    0x00,0x00,0x00,0x90,0xFF,0xFC,0x29,0xFF,0xFF,0x97,0x00,0x00,0x00,0x8B,0xFF,0xFC,
    0x10,0xFF,0xFF,0xC6,0x00,0x00,0x00,0xB5,0xFF,0xFC,0x00,0xCF,0xFF,0xFF,0x7D,0x33,
    0x6D,0xFC,0xFF,0xFC,0x00,0x4F,0xFE,0xFF,0xFF,0xFF,0xFF,0xDF,0xFF,0xFC,0x00,0x00,
    0x57,0xD6,0xF9,0xDA,0x5F,0xA7,0xFF,0xFC,0x00,0x00,0x00,0x00,0x00,0x00,0x00,0xB0,
    0xFF,0xFC,0x00,0x00,0x00,0x00,0x00,0x00,0x00,0xB0,0xFF,0xFC,0x00,0x00,0x00,0x00,
    0x00,0x00,0x00,0xB0,0xFF,0xFC,0x00,0x00,0x00,0x00,0x00,0x00,0x00,0xB0,0xFF,0xFC,
    0x98,0xFF,0x8F,0x1E,0xAE,0xF3,0xBD,0x98,0xFF,0xDC,0xE2,0xFF,0xFF,0xA9,0x98,0xFF,
    0xFF,0xF2,0x73,0x31,0x1E,0x98,0xFF,0xFF,0x5F,0x00,0x00,0x00,0x98,0xFF,0xFF,0x20,
    0x00,0x00,0x00,0x98,0xFF,0xFF,0x18,0x00,0x00,0x00,0x98,0xFF,0xFF,0x18,0x00,0x00,
    0x00,0x98,0xFF,0xFF,0x18,0x00,0x00,0x00,0x98,0xFF,0xFF,0x18,0x00,0x00,0x00,0x98,
    0xFF,0xFF,0x18,0x00,0x00,0x00,0x00,0x00,0x00,0x1F,0x97,0xDF,0xF8,0xE8,0xBF,0x64,
    0x05,0x05,0xDF,0xFF,0xFF,0xFF,0xFF,0xFF,0xE1,0x02,0x29,0xFF,0xFF,0xAE,0x2F,0x49,
    0x8B,0x67,0x00,0x10,0xFA,0xFF,0xDE,0x50,0x02,0x00,0x00,0x00,0x00,0x68,0xFA,0xFF,
    0xFF,0xDF,0x6D,0x06,0x00,0x00,0x00,0x21,0x91,0xF0,0xFF,0xFF,0xBC,0x00,0x00,0x00,
    0x00,0x00,0x0F,0xB2,0xFF,0xFF,0x30,0x26,0xB0,0x63,0x3C,0x30,0xAD,0xFF,0xFF,0x35,
    0x2C,0xFF,0xFF,0xFF,0xFF,0xFF,0xFF,0xD5,0x03,0x12,0x9B,0xE0,0xFA,0xFA,0xDF,0x97,
    0x16,0x00,0x00,0x00,0x00,0x00,0x88,0xFF,0x60,0x00,0x00,0x00,0x00,0x02,0xE4,0xFF,
    0x60,0x00,0x00,0x00,0x24,0xB8,0xFF,0xFF,0xFF,0xFF,0xFF,0x20,0x98,0xFF,0xFF,0xFF,
    0xFF,0xFF,0xFF,0x20,0x17,0x6B,0xFF,0xFF,0x79,0x28,0x28,0x05,0x00,0x50,0xFF,0xFF,
    0x60,0x00,0x00,0x00,0x00,0x50,0xFF,0xFF,0x60,0x00,0x00,0x00,0x00,0x50,0xFF,0xFF,
    0x60,0x00,0x00,0x00,0x00,0x4F,0xFF,0xFF,0x61,0x00,0x00,0x00,0x00,0x3F,0xFF,0xFF,
    0xAF,0x2B,0x40,0x17,0x00,0x0B,0xF0,0xFF,0xFF,0xFF,0xFF,0x3C,0x00,0x00,0x3F,0xCD,
    0xF9,0xEF,0xC6,0x23,0xA8,0xFF,0xFF,0x08,0x00,0x00,0x44,0xFF,0xFF,0x6C,0xA8,0xFF,
    0xFF,0x08,0x00,0x00,0x44,0xFF,0xFF,0x6C,0xA8,0xFF,0xFF,0x08,0x00,0x00,0x44,0xFF,
    0xFF,0x6C,0xA8,0xFF,0xFF,0x08,0x00,0x00,0x44,0xFF,0xFF,0x6C,0xA8,0xFF,0xFF,0x08,
    0x00,0x00,0x44,0xFF,0xFF,0x6C,0xA8,0xFF,0xFF,0x08,0x00,0x00,0x54,0xFF,0xFF,0x6C,
    0xA5,0xFF,0xFF,0x19,0x00,0x00,0x7F,0xFF,0xFF,0x6C,0x8A,0xFF,0xFF,0x82,0x05,0x33,
    0xE6,0xFF,0xFF,0x6C,0x31,0xFB,0xFF,0xFF,0xFE,0xFF,0xED,0xFC,0xFF,0x6C,0x00,0x42,
    0xC4,0xF2,0xF0,0xB3,0x2A,0xC4,0xFF,0x6C,0xD0,0xFF,0xF2,0x07,0x00,0x00,0x00,0xBB,
    0xFF,0xF9,0x12,0x71,0xFF,0xFF,0x4E,0x00,0x00,0x13,0xFB,0xFF,0xAC,0x00,0x15,0xFA,
    0xFF,0xA3,0x00,0x00,0x64,0xFF,0xFF,0x4C,0x00,0x00,0xB1,0xFF,0xF1,0x07,0x00,0xB9,
    0xFF,0xE8,0x04,0x00,0x00,0x51,0xFF,0xFF,0x4D,0x12,0xFB,0xFF,0x8D,0x00,0x00,0x00,
    0x05,0xEB,0xFF,0xA1,0x62,0xFF,0xFF,0x2D,0x00,0x00,0x00,0x00,0x91,0xFF,0xE2,0xA8,
    0xFF,0xCE,0x00,0x00,0x00,0x00,0x00,0x30,0xFF,0xFF,0xE1,0xFF,0x6E,0x00,0x00,0x00,
    0x00,0x00,0x00,0xD0,0xFF,0xFF,0xFA,0x14,0x00,0x00,0x00,0x00,0x00,0x00,0x70,0xFF,
    0xFF,0xAF,0x00,0x00,0x00,0x00,0x00,0x00,0xAD,0xFF,0xF3,0x04,0x00,0x00,0xE0,0xFF,
    0xFF,0x51,0x00,0x00,0x8A,0xFF,0xFE,0x18,0x65,0xFF,0xFF,0x3A,0x00,0x21,0xFF,0xFF,
    0xFF,0x8E,0x00,0x00,0xCC,0xFF,0xCF,0x00,0x1E,0xFF,0xFF,0x7C,0x00,0x61,0xFF,0xC1,
    0xFF,0xCB,0x00,0x11,0xFD,0xFF,0x86,0x00,0x00,0xD7,0xFF,0xBE,0x00,0xA1,0xFF,0x57,
    0xF2,0xFC,0x0C,0x52,0xFF,0xFF,0x3E,0x00,0x00,0x90,0xFF,0xF7,0x05,0xE0,0xFF,0x1A,
    0xBA,0xFF,0x45,0x93,0xFF,0xF1,0x04,0x00,0x00,0x49,0xFF,0xFF,0x47,0xFF,0xE0,0x00,
    0x80,0xFF,0x7C,0xCE,0xFF,0xAD,0x00,0x00,0x00,0x09,0xF7,0xFF,0x98,0xFF,0xA6,0x00,
    0x45,0xFF,0xA7,0xF8,0xFF,0x65,0x00,0x00,0x00,0x00,0xBA,0xFF,0xE1,0xFF,0x6B,0x00,
    0x0F,0xFE,0xE3,0xFF,0xFF,0x1D,0x00,0x00,0x00,0x00,0x73,0xFF,0xFF,0xFF,0x30,0x00,
    0x00,0xD6,0xFF,0xFF,0xD4,0x00,0x00,0x00,0x00,0x00,0x2C,0xFF,0xFF,0xF2,0x03,0x00,
    0x00,0x9F,0xFF,0xFF,0x8C,0x00,0x00,0x00,0x6D,0xFF,0xFF,0x98,0x00,0x00,0x30,0xFC,
    0xFF,0xD2,0x05,0x02,0xC5,0xFF,0xFD,0x33,0x01,0xC6,0xFF,0xFC,0x34,0x00,0x00,0x28,
    0xF8,0xFF,0xC8,0x64,0xFF,0xFF,0x89,0x00,0x00,0x00,0x00,0x7B,0xFF,0xFF,0xFA,0xFF,
    0xDA,0x08,0x00,0x00,0x00,0x00,0x04,0xD2,0xFF,0xFF,0xFF,0x3D,0x00,0x00,0x00,0x00,
    0x00,0x11,0xE8,0xFF,0xFF,0xFF,0x5B,0x00,0x00,0x00,0x00,0x00,0xA0,0xFF,0xFF,0xE7,
    0xFF,0xEC,0x16,0x00,0x00,0x00,0x47,0xFF,0xFF,0xA6,0x40,0xFF,0xFF,0xAB,0x00,0x00,
    0x0C,0xE1,0xFF,0xF1,0x18,0x00,0xA5,0xFF,0xFF,0x53,0x00,0x95,0xFF,0xFF,0x6E,0x00,
    0x00,0x18,0xF1,0xFF,0xE8,0x12,0x00,0x00,0xCC,0xFF,0xFE,0x1C,0x00,0x00,0x00,0xCF,
    0xFF,0xF8,0x12,0x65,0xFF,0xFF,0x71,0x00,0x00,0x23,0xFF,0xFF,0xA9,0x00,0x0B,0xF1,
    0xFF,0xC7,0x00,0x00,0x78,0xFF,0xFF,0x48,0x00,0x00,0x96,0xFF,0xFE,0x1E,0x00,0xCC,
    0xFF,0xE4,0x03,0x00,0x00,0x2E,0xFF,0xFF,0x73,0x21,0xFF,0xFF,0x86,0x00,0x00,0x00,
    0x00,0xC7,0xFF,0xC6,0x74,0xFF,0xFF,0x26,0x00,0x00,0x00,0x00,0x5F,0xFF,0xFC,0xBD,
    0xFF,0xC4,0x00,0x00,0x00,0x00,0x00,0x09,0xEE,0xFF,0xFB,0xFF,0x63,0x00,0x00,0x00,
    0x00,0x00,0x00,0x90,0xFF,0xFF,0xF5,0x0D,0x00,0x00,0x00,0x00,0x00,0x00,0x33,0xFF,
    0xFF,0xA1,0x00,0x00,0x00,0x00,0x00,0x00,0x00,0x7B,0xFF,0xFF,0x40,0x00,0x00,0x00,
    0x00,0x16,0x2D,0x5F,0xF6,0xFF,0xCC,0x00,0x00,0x00,0x00,0x00,0x64,0xFF,0xFF,0xFF,
    0xF4,0x37,0x00,0x00,0x00,0x00,0x00,0x5A,0xFA,0xEE,0xB3,0x31,0x00,0x00,0x00,0x00,
    0x00,0x00,0x00,0x00,0x40,0xFF,0xFF,0xFF,0xFF,0xFF,0xFF,0xFF,0x14,0x40,0xFF,0xFF,
    0xFF,0xFF,0xFF,0xFF,0xFF,0x11,0x0A,0x28,0x28,0x28,0x61,0xFF,0xFF,0x97,0x00,0x00,
    0x00,0x00,0x11,0xE0,0xFF,0xD2,0x08,0x00,0x00,0x00,0x00,0xAE,0xFF,0xF5,0x29,0x00,
    0x00,0x00,0x00,0x6B,0xFF,0xFF,0x61,0x00,0x00,0x00,0x00,0x2F,0xF8,0xFF,0xA5,0x00,
    0x00,0x00,0x00,0x0C,0xD9,0xFF,0xEB,0x35,0x28,0x28,0x28,0x0A,0x79,0xFF,0xFF,0xFF,
    0xFF,0xFF,0xFF,0xFF,0x40,0x84,0xFF,0xFF,0xFF,0xFF,0xFF,0xFF,0xFF,0x40,0x00,0x00,
    0x00,0x00,0x00,0x79,0xD5,0xF4,0x5F,0x00,0x00,0x4E,0xFF,0xFF,0xFF,0x60,0x00,0x00,
    0x78,0xFF,0xFA,0x56,0x10,0x00,0x00,0x7C,0xFF,0xDB,0x00,0x00,0x00,0x00,0x7C,0xFF,
    0xD8,0x00,0x00,0x00,0x00,0x85,0xFF,0xD8,0x00,0x00,0x06,0x33,0xDD,0xFF,0xC1,0x00,
    0x00,0xBC,0xFF,0xFF,0xCF,0x33,0x00,0x00,0xBC,0xFF,0xF8,0xAC,0x22,0x00,0x00,0x23,
    0x5B,0xEC,0xFF,0xB8,0x00,0x00,0x00,0x00,0x89,0xFF,0xD7,0x00,0x00,0x00,0x00,0x7C,
    0xFF,0xD8,0x00,0x00,0x00,0x00,0x7C,0xFF,0xDA,0x00,0x00,0x00,0x00,0x79,0xFF,0xFA,
    0x55,0x10,0x00,0x00,0x51,0xFF,0xFF,0xFF,0x60,0x00,0x00,0x01,0x7D,0xD8,0xF5,0x5F,
    0xFF,0xEC,0xFF,0xEC,0xFF,0xEC,0xFF,0xEC,0xFF,0xEC,0xFF,0xEC,0xFF,0xEC,0xFF,0xEC,
    0xFF,0xEC,0xFF,0xEC,0xFF,0xEC,0xFF,0xEC,0xFF,0xEC,0xFF,0xEC,0xFF,0xEC,0xFF,0xEC,
    0xFF,0xEC,0xFF,0xEC,0x47,0xF6,0xD9,0x87,0x04,0x00,0x00,0x48,0xFF,0xFF,0xFF,0x66,
    0x00,0x00,0x0C,0x4C,0xF2,0xFF,0x90,0x00,0x00,0x00,0x00,0xC3,0xFF,0x94,0x00,0x00,
    0x00,0x00,0xC0,0xFF,0x94,0x00,0x00,0x00,0x00,0xC0,0xFF,0x9C,0x00,0x00,0x00,0x00,
    0xA9,0xFF,0xE9,0x3B,0x07,0x00,0x00,0x26,0xC6,0xFE,0xFF,0xD4,0x00,0x00,0x18,0xA3,
    0xF3,0xFF,0xD4,0x00,0x00,0xA1,0xFF,0xF4,0x63,0x29,0x00,0x00,0xBF,0xFF,0xA0,0x00,
    0x00,0x00,0x00,0xC0,0xFF,0x94,0x00,0x00,0x00,0x00,0xC2,0xFF,0x94,0x00,0x00,0x0C,
    0x4C,0xF2,0xFF,0x90,0x00,0x00,0x48,0xFF,0xFF,0xFF,0x69,0x00,0x00,0x47,0xF7,0xDC,
    0x8B,0x05,0x00,0x00,0x00,0x00,0x00,0x00,0x00,0x00,0x00,0x00,0x00,0x00,0x10,0xA2,
    0xEA,0xF6,0xD2,0x89,0x46,0x33,0x73,0x6E,0x38,0xFF,0xFF,0xFF,0xFF,0xFF,0xFF,0xFF,
    0xFF,0x80,0x34,0x93,0x3D,0x3A,0x75,0xBF,0xF1,0xF4,0xC1,0x30,0x00,0x00,0x00,0x00,
    0x00,0x00,0x00,0x00,0x00,0x00,0x00,0x00,
};

leRasterFont Font0 =
{
    {
        {
            LE_STREAM_LOCATION_ID_INTERNAL, // data location id
            (void*)Font0_glyphs, // glyph table variable pointer
            10984, // data size
        },
        LE_RASTER_FONT,
        0,
    },
    19,
    14,
    LE_FONT_BPP_8, // bits per pixel
    Font0_data, // kerning table
};

/*********************************
 * Legato Font Asset
 * Name:         Category_font
 * Height:       13
 * Baseline:     9
 * Style:        Antialias
 * Glyph Count:  95
 * Range Count:  1
 * Glyph Ranges: 0x20-0x7E
 *********************************/
/*********************************
 * font glyph kerning table description
 *
 * unsigned int - number of glyphs
 * for each glyph:
 *     unsigned short - codepoint         * the glyph's codepoint
 *     short          - width             * the glyph's width in pixels
 *     short          - height            * the glyph's height in pixels
 *     short          - advance           * the glyph's advance value in pixels
 *     short          - bearingX          * the glyph's bearing value in pixels on the X axis
 *     short          - bearingY          * the glyph's bearing value in pixels on the Y axis
 *     unsigned short - flags             * status flags for this glyph
 *     unsigned short - data row width    * the size of a row of glyph data in bytes
 *     unsigned int   - data table offset * the offset into the corresponding font data table
 ********************************/
const uint8_t Category_font_data[1904] =
{
    0x5F,0x00,0x00,0x00,0x20,0x00,0x00,0x00,0x00,0x00,0x07,0x00,0x00,0x00,0x00,0x00,
    0x00,0x00,0x00,0x00,0x00,0x00,0x00,0x00,0x21,0x00,0x02,0x00,0x08,0x00,0x07,0x00,
    0x02,0x00,0x08,0x00,0x00,0x00,0x02,0x00,0x00,0x00,0x00,0x00,0x22,0x00,0x05,0x00,
    0x03,0x00,0x07,0x00,0x01,0x00,0x08,0x00,0x00,0x00,0x05,0x00,0x10,0x00,0x00,0x00,
    0x23,0x00,0x07,0x00,0x08,0x00,0x07,0x00,0x00,0x00,0x08,0x00,0x00,0x00,0x07,0x00,
    0x20,0x00,0x00,0x00,0x24,0x00,0x06,0x00,0x0A,0x00,0x07,0x00,0x00,0x00,0x09,0x00,
    0x00,0x00,0x06,0x00,0x58,0x00,0x00,0x00,0x25,0x00,0x07,0x00,0x08,0x00,0x07,0x00,
    0x00,0x00,0x08,0x00,0x00,0x00,0x07,0x00,0x94,0x00,0x00,0x00,0x26,0x00,0x07,0x00,
    0x08,0x00,0x07,0x00,0x00,0x00,0x08,0x00,0x00,0x00,0x07,0x00,0xCC,0x00,0x00,0x00,
    0x27,0x00,0x02,0x00,0x03,0x00,0x07,0x00,0x02,0x00,0x08,0x00,0x00,0x00,0x02,0x00,
    0x04,0x01,0x00,0x00,0x28,0x00,0x04,0x00,0x0A,0x00,0x07,0x00,0x01,0x00,0x08,0x00,
    0x00,0x00,0x04,0x00,0x0C,0x01,0x00,0x00,0x29,0x00,0x05,0x00,0x0A,0x00,0x07,0x00,
    0x01,0x00,0x08,0x00,0x00,0x00,0x05,0x00,0x34,0x01,0x00,0x00,0x2A,0x00,0x06,0x00,
    0x05,0x00,0x07,0x00,0x00,0x00,0x08,0x00,0x00,0x00,0x06,0x00,0x68,0x01,0x00,0x00,
    0x2B,0x00,0x06,0x00,0x06,0x00,0x07,0x00,0x00,0x00,0x07,0x00,0x00,0x00,0x06,0x00,
    0x88,0x01,0x00,0x00,0x2C,0x00,0x03,0x00,0x03,0x00,0x07,0x00,0x02,0x00,0x02,0x00,
    0x00,0x00,0x03,0x00,0xAC,0x01,0x00,0x00,0x2D,0x00,0x05,0x00,0x01,0x00,0x07,0x00,
    0x01,0x00,0x03,0x00,0x00,0x00,0x05,0x00,0xB8,0x01,0x00,0x00,0x2E,0x00,0x03,0x00,
    0x02,0x00,0x07,0x00,0x02,0x00,0x02,0x00,0x00,0x00,0x03,0x00,0xC0,0x01,0x00,0x00,
    0x2F,0x00,0x05,0x00,0x08,0x00,0x07,0x00,0x01,0x00,0x08,0x00,0x00,0x00,0x05,0x00,
    0xC8,0x01,0x00,0x00,0x30,0x00,0x06,0x00,0x08,0x00,0x07,0x00,0x00,0x00,0x08,0x00,
    0x00,0x00,0x06,0x00,0xF0,0x01,0x00,0x00,0x31,0x00,0x04,0x00,0x08,0x00,0x07,0x00,
    0x01,0x00,0x08,0x00,0x00,0x00,0x04,0x00,0x20,0x02,0x00,0x00,0x32,0x00,0x06,0x00,
    0x08,0x00,0x07,0x00,0x00,0x00,0x08,0x00,0x00,0x00,0x06,0x00,0x40,0x02,0x00,0x00,
    0x33,0x00,0x06,0x00,0x08,0x00,0x07,0x00,0x00,0x00,0x08,0x00,0x00,0x00,0x06,0x00,
    0x70,0x02,0x00,0x00,0x34,0x00,0x07,0x00,0x08,0x00,0x07,0x00,0x00,0x00,0x08,0x00,
    0x00,0x00,0x07,0x00,0xA0,0x02,0x00,0x00,0x35,0x00,0x06,0x00,0x08,0x00,0x07,0x00,
    0x00,0x00,0x08,0x00,0x00,0x00,0x06,0x00,0xD8,0x02,0x00,0x00,0x36,0x00,0x06,0x00,
    0x08,0x00,0x07,0x00,0x00,0x00,0x08,0x00,0x00,0x00,0x06,0x00,0x08,0x03,0x00,0x00,
    0x37,0x00,0x06,0x00,0x08,0x00,0x07,0x00,0x00,0x00,0x08,0x00,0x00,0x00,0x06,0x00,
    0x38,0x03,0x00,0x00,0x38,0x00,0x06,0x00,0x08,0x00,0x07,0x00,0x00,0x00,0x08,0x00,
    0x00,0x00,0x06,0x00,0x68,0x03,0x00,0x00,0x39,0x00,0x06,0x00,0x08,0x00,0x07,0x00,
    0x00,0x00,0x08,0x00,0x00,0x00,0x06,0x00,0x98,0x03,0x00,0x00,0x3A,0x00,0x02,0x00,
    0x06,0x00,0x07,0x00,0x02,0x00,0x06,0x00,0x00,0x00,0x02,0x00,0xC8,0x03,0x00,0x00,
    0x3B,0x00,0x03,0x00,0x07,0x00,0x07,0x00,0x02,0x00,0x06,0x00,0x00,0x00,0x03,0x00,
    0xD4,0x03,0x00,0x00,0x3C,0x00,0x06,0x00,0x05,0x00,0x07,0x00,0x00,0x00,0x06,0x00,
    0x00,0x00,0x06,0x00,0xEC,0x03,0x00,0x00,0x3D,0x00,0x06,0x00,0x03,0x00,0x07,0x00,
    0x00,0x00,0x05,0x00,0x00,0x00,0x06,0x00,0x0C,0x04,0x00,0x00,0x3E,0x00,0x06,0x00,
    0x05,0x00,0x07,0x00,0x00,0x00,0x06,0x00,0x00,0x00,0x06,0x00,0x20,0x04,0x00,0x00,
    0x3F,0x00,0x06,0x00,0x08,0x00,0x07,0x00,0x00,0x00,0x08,0x00,0x00,0x00,0x06,0x00,
    0x40,0x04,0x00,0x00,0x40,0x00,0x07,0x00,0x09,0x00,0x07,0x00,0x00,0x00,0x08,0x00,
    0x00,0x00,0x07,0x00,0x70,0x04,0x00,0x00,0x41,0x00,0x07,0x00,0x08,0x00,0x07,0x00,
    0x00,0x00,0x08,0x00,0x00,0x00,0x07,0x00,0xB0,0x04,0x00,0x00,0x42,0x00,0x07,0x00,
    0x08,0x00,0x07,0x00,0x00,0x00,0x08,0x00,0x00,0x00,0x07,0x00,0xE8,0x04,0x00,0x00,
    0x43,0x00,0x07,0x00,0x08,0x00,0x07,0x00,0x00,0x00,0x08,0x00,0x00,0x00,0x07,0x00,
    0x20,0x05,0x00,0x00,0x44,0x00,0x07,0x00,0x08,0x00,0x07,0x00,0x00,0x00,0x08,0x00,
    0x00,0x00,0x07,0x00,0x58,0x05,0x00,0x00,0x45,0x00,0x05,0x00,0x08,0x00,0x07,0x00,
    0x01,0x00,0x08,0x00,0x00,0x00,0x05,0x00,0x90,0x05,0x00,0x00,0x46,0x00,0x05,0x00,
    0x08,0x00,0x07,0x00,0x01,0x00,0x08,0x00,0x00,0x00,0x05,0x00,0xB8,0x05,0x00,0x00,
    0x47,0x00,0x06,0x00,0x08,0x00,0x07,0x00,0x00,0x00,0x08,0x00,0x00,0x00,0x06,0x00,
    0xE0,0x05,0x00,0x00,0x48,0x00,0x06,0x00,0x08,0x00,0x07,0x00,0x00,0x00,0x08,0x00,
    0x00,0x00,0x06,0x00,0x10,0x06,0x00,0x00,0x49,0x00,0x05,0x00,0x08,0x00,0x07,0x00,
    0x01,0x00,0x08,0x00,0x00,0x00,0x05,0x00,0x40,0x06,0x00,0x00,0x4A,0x00,0x06,0x00,
    0x08,0x00,0x07,0x00,0x00,0x00,0x08,0x00,0x00,0x00,0x06,0x00,0x68,0x06,0x00,0x00,
    0x4B,0x00,0x06,0x00,0x08,0x00,0x07,0x00,0x01,0x00,0x08,0x00,0x00,0x00,0x06,0x00,
    0x98,0x06,0x00,0x00,0x4C,0x00,0x05,0x00,0x08,0x00,0x07,0x00,0x01,0x00,0x08,0x00,
    0x00,0x00,0x05,0x00,0xC8,0x06,0x00,0x00,0x4D,0x00,0x06,0x00,0x08,0x00,0x07,0x00,
    0x00,0x00,0x08,0x00,0x00,0x00,0x06,0x00,0xF0,0x06,0x00,0x00,0x4E,0x00,0x06,0x00,
    0x08,0x00,0x07,0x00,0x00,0x00,0x08,0x00,0x00,0x00,0x06,0x00,0x20,0x07,0x00,0x00,
    0x4F,0x00,0x07,0x00,0x08,0x00,0x07,0x00,0x00,0x00,0x08,0x00,0x00,0x00,0x07,0x00,
    0x50,0x07,0x00,0x00,0x50,0x00,0x06,0x00,0x08,0x00,0x07,0x00,0x00,0x00,0x08,0x00,
    0x00,0x00,0x06,0x00,0x88,0x07,0x00,0x00,0x51,0x00,0x07,0x00,0x0A,0x00,0x07,0x00,
    0x00,0x00,0x08,0x00,0x00,0x00,0x07,0x00,0xB8,0x07,0x00,0x00,0x52,0x00,0x06,0x00,
    0x08,0x00,0x07,0x00,0x01,0x00,0x08,0x00,0x00,0x00,0x06,0x00,0x00,0x08,0x00,0x00,
    0x53,0x00,0x06,0x00,0x08,0x00,0x07,0x00,0x00,0x00,0x08,0x00,0x00,0x00,0x06,0x00,
    0x30,0x08,0x00,0x00,0x54,0x00,0x07,0x00,0x08,0x00,0x07,0x00,0x00,0x00,0x08,0x00,
    0x00,0x00,0x07,0x00,0x60,0x08,0x00,0x00,0x55,0x00,0x06,0x00,0x08,0x00,0x07,0x00,
    0x00,0x00,0x08,0x00,0x00,0x00,0x06,0x00,0x98,0x08,0x00,0x00,0x56,0x00,0x07,0x00,
    0x08,0x00,0x07,0x00,0x00,0x00,0x08,0x00,0x00,0x00,0x07,0x00,0xC8,0x08,0x00,0x00,
    0x57,0x00,0x07,0x00,0x08,0x00,0x07,0x00,0x00,0x00,0x08,0x00,0x00,0x00,0x07,0x00,
    0x00,0x09,0x00,0x00,0x58,0x00,0x07,0x00,0x08,0x00,0x07,0x00,0x00,0x00,0x08,0x00,
    0x00,0x00,0x07,0x00,0x38,0x09,0x00,0x00,0x59,0x00,0x07,0x00,0x08,0x00,0x07,0x00,
    0x00,0x00,0x08,0x00,0x00,0x00,0x07,0x00,0x70,0x09,0x00,0x00,0x5A,0x00,0x07,0x00,
    0x08,0x00,0x07,0x00,0x00,0x00,0x08,0x00,0x00,0x00,0x07,0x00,0xA8,0x09,0x00,0x00,
    0x5B,0x00,0x04,0x00,0x0A,0x00,0x07,0x00,0x02,0x00,0x08,0x00,0x00,0x00,0x04,0x00,
    0xE0,0x09,0x00,0x00,0x5C,0x00,0x05,0x00,0x08,0x00,0x07,0x00,0x01,0x00,0x08,0x00,
    0x00,0x00,0x05,0x00,0x08,0x0A,0x00,0x00,0x5D,0x00,0x04,0x00,0x0A,0x00,0x07,0x00,
    0x01,0x00,0x08,0x00,0x00,0x00,0x04,0x00,0x30,0x0A,0x00,0x00,0x5E,0x00,0x06,0x00,
    0x05,0x00,0x07,0x00,0x00,0x00,0x08,0x00,0x00,0x00,0x06,0x00,0x58,0x0A,0x00,0x00,
    0x5F,0x00,0x08,0x00,0x01,0x00,0x07,0x00,0xFF,0xFF,0xFF,0xFF,0x00,0x00,0x08,0x00,
    0x78,0x0A,0x00,0x00,0x60,0x00,0x03,0x00,0x02,0x00,0x07,0x00,0x02,0x00,0x09,0x00,
    0x00,0x00,0x03,0x00,0x80,0x0A,0x00,0x00,0x61,0x00,0x06,0x00,0x06,0x00,0x07,0x00,
    0x00,0x00,0x06,0x00,0x00,0x00,0x06,0x00,0x88,0x0A,0x00,0x00,0x62,0x00,0x06,0x00,
    0x08,0x00,0x07,0x00,0x00,0x00,0x08,0x00,0x00,0x00,0x06,0x00,0xAC,0x0A,0x00,0x00,
    0x63,0x00,0x06,0x00,0x06,0x00,0x07,0x00,0x00,0x00,0x06,0x00,0x00,0x00,0x06,0x00,
    0xDC,0x0A,0x00,0x00,0x64,0x00,0x06,0x00,0x08,0x00,0x07,0x00,0x00,0x00,0x08,0x00,
    0x00,0x00,0x06,0x00,0x00,0x0B,0x00,0x00,0x65,0x00,0x06,0x00,0x06,0x00,0x07,0x00,
    0x00,0x00,0x06,0x00,0x00,0x00,0x06,0x00,0x30,0x0B,0x00,0x00,0x66,0x00,0x06,0x00,
    0x08,0x00,0x07,0x00,0x00,0x00,0x08,0x00,0x00,0x00,0x06,0x00,0x54,0x0B,0x00,0x00,
    0x67,0x00,0x07,0x00,0x09,0x00,0x07,0x00,0x00,0x00,0x06,0x00,0x00,0x00,0x07,0x00,
    0x84,0x0B,0x00,0x00,0x68,0x00,0x06,0x00,0x08,0x00,0x07,0x00,0x00,0x00,0x08,0x00,
    0x00,0x00,0x06,0x00,0xC4,0x0B,0x00,0x00,0x69,0x00,0x05,0x00,0x08,0x00,0x07,0x00,
    0x01,0x00,0x08,0x00,0x00,0x00,0x05,0x00,0xF4,0x0B,0x00,0x00,0x6A,0x00,0x05,0x00,
    0x0B,0x00,0x07,0x00,0x00,0x00,0x08,0x00,0x00,0x00,0x05,0x00,0x1C,0x0C,0x00,0x00,
    0x6B,0x00,0x06,0x00,0x08,0x00,0x07,0x00,0x01,0x00,0x08,0x00,0x00,0x00,0x06,0x00,
    0x54,0x0C,0x00,0x00,0x6C,0x00,0x05,0x00,0x08,0x00,0x07,0x00,0x01,0x00,0x08,0x00,
    0x00,0x00,0x05,0x00,0x84,0x0C,0x00,0x00,0x6D,0x00,0x07,0x00,0x06,0x00,0x07,0x00,
    0x00,0x00,0x06,0x00,0x00,0x00,0x07,0x00,0xAC,0x0C,0x00,0x00,0x6E,0x00,0x06,0x00,
    0x06,0x00,0x07,0x00,0x00,0x00,0x06,0x00,0x00,0x00,0x06,0x00,0xD8,0x0C,0x00,0x00,
    0x6F,0x00,0x06,0x00,0x06,0x00,0x07,0x00,0x00,0x00,0x06,0x00,0x00,0x00,0x06,0x00,
    0xFC,0x0C,0x00,0x00,0x70,0x00,0x06,0x00,0x09,0x00,0x07,0x00,0x00,0x00,0x06,0x00,
    0x00,0x00,0x06,0x00,0x20,0x0D,0x00,0x00,0x71,0x00,0x06,0x00,0x09,0x00,0x07,0x00,
    0x00,0x00,0x06,0x00,0x00,0x00,0x06,0x00,0x58,0x0D,0x00,0x00,0x72,0x00,0x05,0x00,
    0x06,0x00,0x07,0x00,0x01,0x00,0x06,0x00,0x00,0x00,0x05,0x00,0x90,0x0D,0x00,0x00,
    0x73,0x00,0x05,0x00,0x06,0x00,0x07,0x00,0x01,0x00,0x06,0x00,0x00,0x00,0x05,0x00,
    0xB0,0x0D,0x00,0x00,0x74,0x00,0x06,0x00,0x08,0x00,0x07,0x00,0x00,0x00,0x08,0x00,
    0x00,0x00,0x06,0x00,0xD0,0x0D,0x00,0x00,0x75,0x00,0x06,0x00,0x06,0x00,0x07,0x00,
    0x00,0x00,0x06,0x00,0x00,0x00,0x06,0x00,0x00,0x0E,0x00,0x00,0x76,0x00,0x07,0x00,
    0x06,0x00,0x07,0x00,0x00,0x00,0x06,0x00,0x00,0x00,0x07,0x00,0x24,0x0E,0x00,0x00,
    0x77,0x00,0x08,0x00,0x06,0x00,0x07,0x00,0xFF,0xFF,0x06,0x00,0x00,0x00,0x08,0x00,
    0x50,0x0E,0x00,0x00,0x78,0x00,0x07,0x00,0x06,0x00,0x07,0x00,0x00,0x00,0x06,0x00,
    0x00,0x00,0x07,0x00,0x80,0x0E,0x00,0x00,0x79,0x00,0x07,0x00,0x09,0x00,0x07,0x00,
    0x00,0x00,0x06,0x00,0x00,0x00,0x07,0x00,0xAC,0x0E,0x00,0x00,0x7A,0x00,0x06,0x00,
    0x06,0x00,0x07,0x00,0x00,0x00,0x06,0x00,0x00,0x00,0x06,0x00,0xEC,0x0E,0x00,0x00,
    0x7B,0x00,0x05,0x00,0x0A,0x00,0x07,0x00,0x01,0x00,0x08,0x00,0x00,0x00,0x05,0x00,
    0x10,0x0F,0x00,0x00,0x7C,0x00,0x02,0x00,0x0B,0x00,0x07,0x00,0x02,0x00,0x08,0x00,
    0x00,0x00,0x02,0x00,0x44,0x0F,0x00,0x00,0x7D,0x00,0x05,0x00,0x0A,0x00,0x07,0x00,
    0x01,0x00,0x08,0x00,0x00,0x00,0x05,0x00,0x5C,0x0F,0x00,0x00,0x7E,0x00,0x06,0x00,
    0x04,0x00,0x07,0x00,0x00,0x00,0x06,0x00,0x00,0x00,0x06,0x00,0x90,0x0F,0x00,0x00,
};

/*********************************
 * raw font glyph data
 ********************************/
const uint8_t Category_font_glyphs[4008] =
{
    0x45,0xE0,0x37,0xD2,0x28,0xC3,0x1A,0xB5,0x0B,0xA7,0x00,0x00,0x17,0x5B,0x44,0xD4,
    0x6F,0xC2,0x2B,0xFF,0x0A,0x5C,0xAF,0x18,0xF7,0x00,0x49,0x9D,0x05,0xE4,0x00,0x00,
    0x00,0x00,0xA5,0x27,0x45,0x82,0x00,0x00,0x00,0xCB,0x01,0x7C,0x48,0x00,0x47,0xD5,
    0xF0,0xD0,0xF4,0xD0,0x4A,0x00,0x35,0x94,0x00,0xC8,0x00,0x00,0x00,0x5F,0x6C,0x07,
    0xC0,0x00,0x00,0x9F,0xED,0xD8,0xDC,0xE9,0xC9,0x00,0x00,0xB9,0x11,0x60,0x68,0x00,
    0x00,0x00,0xC8,0x00,0x95,0x35,0x00,0x00,0x00,0x00,0x10,0xAC,0x00,0x00,0x00,0x41,
    0xD6,0xEF,0xD7,0x3F,0x00,0xD6,0x43,0xAC,0x05,0x06,0x00,0xDE,0x39,0xAC,0x00,0x00,
    0x00,0x62,0xEA,0xC8,0x11,0x00,0x00,0x00,0x2C,0xEB,0xE7,0x29,0x00,0x00,0x10,0xAC,
    0x7B,0x8D,0x01,0x1D,0x10,0xAC,0x96,0x7A,0x02,0xC9,0xD7,0xF3,0xA7,0x0E,0x00,0x00,
    0x10,0xAC,0x00,0x00,0x75,0xAE,0x8C,0x00,0x6B,0x6C,0x00,0xCE,0x00,0xBA,0x18,0xC9,
    0x08,0x00,0xCD,0x00,0xBB,0x78,0x72,0x00,0x00,0x72,0xAE,0x96,0xC9,0x0B,0x00,0x00,
    0x00,0x00,0x61,0x97,0xB8,0xB6,0x22,0x00,0x03,0xC9,0x88,0x53,0x47,0x85,0x00,0x5C,
    0x7E,0x7A,0x53,0x48,0x85,0x02,0xC8,0x10,0x1D,0xB7,0xB8,0x25,0x00,0x63,0xDE,0xDA,
    0x62,0x00,0x00,0x00,0xE2,0x1B,0x1B,0xE2,0x00,0x00,0x00,0xB0,0x3F,0x56,0xAB,0x00,
    0x00,0x00,0x52,0xEA,0xAC,0x0C,0x00,0x00,0x3A,0xD2,0x57,0xBE,0x05,0xDD,0x26,0x9E,
    0x6A,0x00,0x84,0xB8,0xCE,0x00,0x8C,0x97,0x00,0x24,0xF8,0x81,0x00,0x19,0xC1,0xD4,
    0xC6,0x54,0xDB,0x37,0x4B,0xE6,0x38,0xD3,0x25,0xC1,0x00,0x00,0x00,0x00,0x84,0x85,
    0x00,0x57,0xB2,0x00,0x02,0xE1,0x24,0x00,0x39,0xCB,0x00,0x00,0x5F,0xA5,0x00,0x00,
    0x5F,0xA4,0x00,0x00,0x3C,0xCA,0x00,0x00,0x02,0xE4,0x23,0x00,0x00,0x5D,0xB0,0x00,
    0x00,0x00,0x88,0x84,0x16,0xC4,0x2E,0x00,0x00,0x00,0x23,0xD9,0x0C,0x00,0x00,0x00,
    0x8B,0x7C,0x00,0x00,0x00,0x34,0xD0,0x00,0x00,0x00,0x0E,0xF5,0x00,0x00,0x00,0x0D,
    0xF6,0x00,0x00,0x00,0x34,0xD3,0x00,0x00,0x00,0x89,0x80,0x00,0x00,0x21,0xDB,0x0E,
    0x00,0x14,0xC3,0x31,0x00,0x00,0x00,0x00,0x00,0x00,0x36,0xC9,0x00,0x00,0x12,0x4A,
    0x24,0xAD,0x1F,0x48,0x23,0xA0,0xC6,0xF4,0xAB,0x82,0x00,0x08,0xCA,0x9D,0x6E,0x00,
    0x00,0x47,0x97,0x13,0xC3,0x07,0x00,0x00,0x00,0x00,0x02,0x10,0x00,0x00,0x00,0x00,
    0x1C,0xB4,0x00,0x00,0x00,0x00,0x1C,0xB4,0x00,0x00,0x27,0xD0,0xD5,0xF1,0xD0,0xA2,
    0x00,0x00,0x1C,0xB4,0x00,0x00,0x00,0x00,0x18,0x9D,0x00,0x00,0x23,0xFE,0x18,0x52,
    0xC5,0x00,0x88,0x60,0x00,0x00,0x00,0x00,0x6C,0xE8,0xE8,0xE8,0x12,0x00,0x00,0x00,
    0x54,0xDD,0x05,0x55,0xDD,0x05,0x00,0x00,0x00,0x00,0x00,0xB6,0x3D,0x00,0x00,0x23,
    0xD0,0x00,0x00,0x00,0x8D,0x66,0x00,0x00,0x0A,0xDE,0x0B,0x00,0x00,0x64,0x8F,0x00,
    0x00,0x00,0xCD,0x25,0x00,0x00,0x3B,0xB8,0x00,0x00,0x00,0xA6,0x4D,0x00,0x00,0x00,
    0x00,0x29,0xC7,0xDA,0x9F,0x03,0x00,0xC5,0x3E,0x00,0xAA,0x59,0x10,0xE6,0x00,0x00,
    0x51,0xA8,0x29,0xCF,0x00,0x00,0x38,0xC4,0x29,0xCF,0x00,0x00,0x39,0xC3,0x0F,0xE6,
    0x00,0x00,0x51,0xAA,0x00,0xC0,0x3E,0x00,0xAA,0x5E,0x00,0x2E,0xD0,0xD5,0x98,0x04,
    0x03,0x78,0xF7,0x14,0x7D,0x6C,0xD9,0x14,0x00,0x00,0xDE,0x14,0x00,0x00,0xE0,0x14,
    0x00,0x00,0xE0,0x14,0x00,0x00,0xE0,0x14,0x00,0x00,0xE0,0x14,0x00,0x00,0xE0,0x14,
    0x01,0x72,0xD0,0xD5,0x9B,0x02,0x00,0x57,0x08,0x02,0xBF,0x4F,0x00,0x00,0x00,0x00,
    0x9E,0x62,0x00,0x00,0x00,0x12,0xE0,0x19,0x00,0x00,0x03,0xB7,0x67,0x00,0x00,0x00,
    0x99,0x90,0x00,0x00,0x00,0x80,0xA3,0x01,0x00,0x00,0x22,0xFF,0xD4,0xD0,0xD0,0x98,
    0x0E,0x9C,0xD2,0xD5,0xA8,0x0A,0x02,0x49,0x00,0x00,0xB4,0x5B,0x00,0x00,0x01,0x27,
    0xD0,0x2B,0x00,0x13,0xD2,0xE7,0x7D,0x02,0x00,0x00,0x00,0x05,0xAA,0x71,0x00,0x00,
    0x00,0x00,0x63,0xA0,0x15,0x10,0x00,0x05,0xB0,0x6B,0x2F,0xCF,0xD2,0xD4,0x8D,0x03,
    0x00,0x00,0x00,0x76,0xE7,0x00,0x00,0x00,0x00,0x31,0xAE,0xE5,0x00,0x00,0x00,0x09,
    0xC7,0x29,0xE8,0x00,0x00,0x00,0x95,0x5B,0x0C,0xE8,0x00,0x00,0x49,0xA5,0x00,0x0C,
    0xE8,0x00,0x00,0x8B,0xD0,0xD0,0xD2,0xFB,0xD0,0x09,0x00,0x00,0x00,0x0C,0xE8,0x00,
    0x00,0x00,0x00,0x00,0x0C,0xE8,0x00,0x00,0x00,0xA7,0xDA,0xD0,0xD0,0x13,0x00,0xBB,
    0x2C,0x00,0x00,0x00,0x00,0xD0,0x15,0x00,0x00,0x00,0x00,0xC6,0xC8,0xDC,0xA4,0x09,
    0x00,0x00,0x00,0x03,0xA6,0x7C,0x00,0x00,0x00,0x00,0x62,0x9F,0x06,0x1A,0x00,0x03,
    0xAB,0x68,0x0B,0xC5,0xD3,0xD2,0x8E,0x03,0x00,0x04,0x8A,0xDB,0xD1,0x27,0x00,0x83,
    0xA0,0x05,0x00,0x00,0x00,0xE8,0x12,0x00,0x00,0x00,0x1B,0xE7,0x97,0xC2,0xC1,0x1D,
    0x27,0xF5,0x22,0x00,0x68,0x9D,0x10,0xDD,0x00,0x00,0x35,0xBD,0x00,0xC5,0x41,0x00,
    0x7C,0x8C,0x00,0x26,0xC2,0xD1,0xB2,0x11,0x30,0xD0,0xD0,0xD0,0xDA,0xCB,0x00,0x00,
    0x00,0x00,0x7A,0x7C,0x00,0x00,0x00,0x03,0xDD,0x19,0x00,0x00,0x00,0x51,0xAC,0x00,
    0x00,0x00,0x00,0xBC,0x44,0x00,0x00,0x00,0x28,0xDA,0x01,0x00,0x00,0x00,0x93,0x74,
    0x00,0x00,0x00,0x0C,0xEA,0x13,0x00,0x00,0x00,0x42,0xCE,0xD0,0xB1,0x0D,0x00,0xD3,
    0x2D,0x00,0x92,0x6F,0x00,0xC3,0x3E,0x00,0xA6,0x5D,0x00,0x28,0xDE,0xBA,0x96,0x02,
    0x00,0x8C,0x52,0x16,0xAD,0x2C,0x16,0xD7,0x00,0x00,0x3F,0xAE,0x0D,0xEB,0x13,0x00,
    0x72,0x9E,0x00,0x60,0xD3,0xD0,0xB9,0x19,0x00,0x47,0xCF,0xD1,0x8E,0x03,0x05,0xE1,
    0x1C,0x01,0xA4,0x5E,0x22,0xCC,0x00,0x00,0x41,0xAA,0x0B,0xE4,0x0E,0x00,0x7E,0xC2,
    0x00,0x5E,0xD1,0xBB,0x9B,0xB6,0x00,0x00,0x00,0x00,0x72,0x86,0x00,0x00,0x00,0x1E,
    0xDA,0x26,0x00,0x79,0xCB,0xC9,0x47,0x00,0x3D,0xCA,0x3D,0xCA,0x00,0x00,0x00,0x00,
    0x3D,0xCA,0x3D,0xCA,0x33,0xD0,0x00,0x34,0xD1,0x00,0x00,0x00,0x00,0x00,0x00,0x00,
    0x5B,0xC6,0x00,0x88,0x7B,0x00,0xB4,0x20,0x00,0x00,0x00,0x00,0x00,0x00,0x00,0x0B,
    0x6C,0x9F,0x00,0x19,0x85,0xC2,0x68,0x0B,0x1E,0xF4,0x85,0x01,0x00,0x00,0x00,0x1B,
    0x89,0xC3,0x67,0x0B,0x00,0x00,0x00,0x0C,0x6E,0x9F,0x00,0x00,0x27,0xD0,0xD0,0xD0,
    0xD0,0xA2,0x00,0x00,0x00,0x00,0x00,0x00,0x27,0xD0,0xD0,0xD0,0xD0,0xA2,0x00,0x00,
    0x29,0xAF,0x3D,0x00,0x00,0x00,0x00,0x28,0x95,0xBD,0x57,0x03,0x00,0x00,0x00,0x1D,
    0xD1,0xAA,0x00,0x27,0x94,0xBF,0x5B,0x04,0x29,0xB0,0x3F,0x00,0x00,0x00,0x00,0x00,
    0x03,0xAC,0xD7,0xCE,0xC0,0x26,0x00,0x2C,0x00,0x00,0x62,0x9F,0x00,0x00,0x00,0x01,
    0x98,0x73,0x00,0x00,0x0D,0xB4,0x76,0x01,0x00,0x00,0x67,0x7D,0x00,0x00,0x00,0x00,
    0x00,0x00,0x00,0x00,0x00,0x00,0x3D,0x35,0x00,0x00,0x00,0x00,0x94,0x84,0x00,0x00,
    0x00,0x3B,0xB8,0xB8,0xBB,0x27,0x00,0x14,0xBD,0x0D,0x00,0x21,0xBB,0x00,0x7B,0x4C,
    0x88,0xBA,0xC1,0x89,0x37,0xB1,0x32,0xB3,0x01,0xD4,0x5C,0x5D,0xBE,0x53,0x85,0x0F,
    0xCB,0x50,0x68,0xB9,0x49,0x94,0x35,0xCD,0x67,0x48,0x90,0x40,0xBC,0xAF,0x83,0xB4,
    0x08,0x23,0xBF,0x0F,0x00,0x00,0x08,0x00,0x00,0x4A,0xC2,0xB9,0xB5,0x4A,0x00,0x00,
    0x00,0x00,0x66,0xF1,0x07,0x00,0x00,0x00,0x00,0xB9,0xBD,0x4C,0x00,0x00,0x00,0x11,
    0xE4,0x59,0xA0,0x00,0x00,0x00,0x5F,0xA7,0x15,0xED,0x05,0x00,0x00,0xB2,0x65,0x00,
    0xCF,0x47,0x00,0x0C,0xF6,0xE0,0xE0,0xEB,0x9A,0x00,0x58,0xC1,0x00,0x00,0x27,0xEA,
    0x03,0xAB,0x63,0x00,0x00,0x00,0xCA,0x42,0x48,0xF6,0xDC,0xDA,0xD0,0x46,0x00,0x48,
    0xBC,0x00,0x00,0x4E,0xD1,0x00,0x48,0xBC,0x00,0x06,0x6B,0xAA,0x00,0x48,0xF6,0xDC,
    0xE4,0xD2,0x21,0x00,0x48,0xBC,0x00,0x00,0x47,0xDC,0x01,0x48,0xBC,0x00,0x00,0x01,
    0xFC,0x11,0x48,0xBC,0x00,0x00,0x4B,0xE2,0x00,0x48,0xF6,0xDC,0xDF,0xCF,0x3A,0x00,
    0x00,0x08,0x8F,0xE5,0xE2,0xD2,0x21,0x00,0x98,0xB2,0x0F,0x00,0x1F,0x01,0x15,0xF4,
    0x14,0x00,0x00,0x00,0x00,0x3E,0xD1,0x00,0x00,0x00,0x00,0x00,0x3F,0xCE,0x00,0x00,
    0x00,0x00,0x00,0x1A,0xF2,0x0D,0x00,0x00,0x00,0x00,0x00,0xAC,0xA1,0x0A,0x00,0x11,
    0x01,0x00,0x12,0xA4,0xEC,0xE1,0xD2,0x05,0x48,0xF6,0xE0,0xE0,0x7F,0x02,0x00,0x48,
    0xBC,0x00,0x15,0xBB,0x79,0x00,0x48,0xBC,0x00,0x00,0x24,0xEE,0x00,0x48,0xBC,0x00,
    0x00,0x00,0xF2,0x17,0x48,0xBC,0x00,0x00,0x00,0xF5,0x13,0x48,0xBC,0x00,0x00,0x2D,
    0xE9,0x00,0x48,0xBC,0x00,0x1F,0xC7,0x6E,0x00,0x48,0xF6,0xE3,0xDB,0x74,0x01,0x00,
    0xD4,0xE5,0xE0,0xE0,0x9A,0xD4,0x2C,0x00,0x00,0x00,0xD4,0x2C,0x00,0x00,0x00,0xD4,
    0xE5,0xE0,0xE0,0x6C,0xD4,0x2C,0x00,0x00,0x00,0xD4,0x2C,0x00,0x00,0x00,0xD4,0x2C,
    0x00,0x00,0x00,0xD4,0xE5,0xE0,0xE0,0x9A,0xB0,0xEA,0xE0,0xE0,0xB9,0xB0,0x50,0x00,
    0x00,0x00,0xB0,0x50,0x00,0x00,0x00,0xB0,0xEA,0xE0,0xE0,0x8C,0xB0,0x50,0x00,0x00,
    0x00,0xB0,0x50,0x00,0x00,0x00,0xB0,0x50,0x00,0x00,0x00,0xB0,0x50,0x00,0x00,0x00,
    0x00,0x19,0xAF,0xE8,0xE4,0x73,0x00,0xBD,0x81,0x02,0x08,0x1D,0x29,0xE8,0x04,0x00,
    0x00,0x00,0x50,0xBD,0x00,0x57,0xE4,0xE0,0x51,0xBB,0x00,0x00,0x20,0xE0,0x2E,0xE2,
    0x01,0x00,0x20,0xE0,0x00,0xCB,0x6F,0x01,0x24,0xE0,0x00,0x25,0xC2,0xEA,0xE3,0x96,
    0x48,0xBC,0x00,0x00,0x20,0xE0,0x48,0xBC,0x00,0x00,0x20,0xE0,0x48,0xBC,0x00,0x00,
    0x20,0xE0,0x48,0xF7,0xE0,0xE0,0xE4,0xE0,0x48,0xBC,0x00,0x00,0x20,0xE0,0x48,0xBC,
    0x00,0x00,0x20,0xE0,0x48,0xBC,0x00,0x00,0x20,0xE0,0x48,0xBC,0x00,0x00,0x20,0xE0,
    0x9C,0xDD,0xF8,0xCE,0x48,0x00,0x34,0xCC,0x00,0x00,0x00,0x34,0xCC,0x00,0x00,0x00,
    0x34,0xCC,0x00,0x00,0x00,0x34,0xCC,0x00,0x00,0x00,0x34,0xCC,0x00,0x00,0x00,0x34,
    0xCC,0x00,0x00,0x9B,0xDC,0xF8,0xCD,0x47,0x00,0x00,0x00,0x00,0xBC,0x44,0x00,0x00,
    0x00,0x00,0xBC,0x44,0x00,0x00,0x00,0x00,0xBC,0x44,0x00,0x00,0x00,0x00,0xBC,0x44,
    0x00,0x00,0x00,0x00,0xBC,0x44,0x00,0x00,0x00,0x00,0xC2,0x3C,0x0B,0x06,0x00,0x30,
    0xE7,0x10,0x31,0xDE,0xE1,0xCF,0x43,0x00,0xDC,0x20,0x00,0x2F,0xD6,0x12,0xDC,0x20,
    0x0C,0xCE,0x2E,0x00,0xDC,0x20,0xA5,0x57,0x00,0x00,0xDC,0x7F,0xB9,0x00,0x00,0x00,
    0xDC,0x82,0xDB,0x35,0x00,0x00,0xDC,0x20,0x47,0xD0,0x04,0x00,0xDC,0x20,0x00,0xA4,
    0x7A,0x00,0xDC,0x20,0x00,0x15,0xE4,0x26,0xC0,0x40,0x00,0x00,0x00,0xC0,0x40,0x00,
    0x00,0x00,0xC0,0x40,0x00,0x00,0x00,0xC0,0x40,0x00,0x00,0x00,0xC0,0x40,0x00,0x00,
    0x00,0xC0,0x40,0x00,0x00,0x00,0xC0,0x40,0x00,0x00,0x00,0xC0,0xE8,0xE0,0xE0,0x96,
    0x64,0xFD,0x0C,0x00,0x77,0xFF,0x64,0xDE,0x3D,0x00,0xAB,0xE4,0x64,0xB3,0x71,0x00,
    0xC6,0xCF,0x64,0x83,0xA4,0x14,0xAD,0xD3,0x64,0x6C,0xBB,0x49,0x75,0xD4,0x64,0x6C,
    0xAA,0x8C,0x3D,0xD4,0x64,0x6C,0x76,0xE7,0x09,0xD4,0x64,0x6C,0x3F,0xCC,0x00,0xD4,
    0x48,0xFB,0x1F,0x00,0x10,0xDC,0x48,0xE3,0x93,0x00,0x10,0xDC,0x48,0xA0,0xD2,0x15,
    0x10,0xDC,0x48,0xA6,0x68,0x83,0x10,0xDC,0x48,0xA8,0x07,0xD6,0x1C,0xDC,0x48,0xA8,
    0x00,0x78,0x7C,0xDC,0x48,0xA8,0x00,0x0F,0xD7,0xDC,0x48,0xA8,0x00,0x00,0x88,0xDC,
    0x00,0x4A,0xD5,0xE7,0xB5,0x14,0x00,0x15,0xEF,0x32,0x00,0x82,0x9E,0x00,0x63,0xB1,
    0x00,0x00,0x10,0xF6,0x02,0x7F,0x8E,0x00,0x00,0x00,0xEE,0x1A,0x7F,0x8D,0x00,0x00,
    0x00,0xEF,0x19,0x62,0xB0,0x00,0x00,0x10,0xF6,0x02,0x14,0xEE,0x30,0x00,0x81,0x9D,
    0x00,0x00,0x4A,0xD5,0xE8,0xB6,0x14,0x00,0x0C,0xFD,0xDC,0xDF,0xBE,0x25,0x0C,0xF0,
    0x00,0x00,0x7C,0xB5,0x0C,0xF0,0x00,0x00,0x33,0xD3,0x0C,0xF0,0x00,0x13,0x9C,0x91,
    0x0C,0xFD,0xDB,0xCA,0x86,0x0A,0x0C,0xF0,0x00,0x00,0x00,0x00,0x0C,0xF0,0x00,0x00,
    0x00,0x00,0x0C,0xF0,0x00,0x00,0x00,0x00,0x00,0x4A,0xD5,0xE7,0xB5,0x14,0x00,0x15,
    0xEF,0x32,0x00,0x82,0x9E,0x00,0x63,0xB1,0x00,0x00,0x10,0xF6,0x02,0x7F,0x8E,0x00,
    0x00,0x00,0xEE,0x1A,0x7F,0x8D,0x00,0x00,0x00,0xEF,0x1D,0x62,0xB0,0x00,0x00,0x10,
    0xF5,0x06,0x14,0xEE,0x30,0x00,0x81,0xA6,0x00,0x00,0x4A,0xD5,0xEC,0xDB,0x13,0x00,
    0x00,0x00,0x00,0x0D,0xDF,0x43,0x00,0x00,0x00,0x00,0x00,0x2F,0xBA,0x03,0x00,0x00,
    0xFF,0xDC,0xDD,0xA9,0x0F,0x00,0xFF,0x00,0x02,0x9E,0x86,0x00,0xFF,0x00,0x00,0x5E,
    0xAA,0x00,0xFF,0x00,0x17,0xB7,0x66,0x00,0xFF,0xDC,0xF6,0x80,0x00,0x00,0xFF,0x00,
    0x62,0xBA,0x00,0x00,0xFF,0x00,0x01,0xC7,0x5B,0x00,0xFF,0x00,0x00,0x33,0xE7,0x11,
    0x00,0x5A,0xD6,0xE0,0xDF,0x63,0x0D,0xEB,0x17,0x00,0x0D,0x17,0x0F,0xEB,0x0F,0x00,
    0x00,0x00,0x00,0x73,0xE1,0x7D,0x16,0x00,0x00,0x00,0x1D,0x84,0xE6,0x4D,0x00,0x00,
    0x00,0x00,0x41,0xC8,0x12,0x19,0x00,0x00,0x69,0xAD,0x2A,0xD4,0xDF,0xDA,0xB4,0x1C,
    0x65,0xE0,0xE6,0xF9,0xE0,0xE0,0x07,0x00,0x00,0x34,0xCC,0x00,0x00,0x00,0x00,0x00,
    0x34,0xCC,0x00,0x00,0x00,0x00,0x00,0x34,0xCC,0x00,0x00,0x00,0x00,0x00,0x34,0xCC,
    0x00,0x00,0x00,0x00,0x00,0x34,0xCC,0x00,0x00,0x00,0x00,0x00,0x34,0xCC,0x00,0x00,
    0x00,0x00,0x00,0x34,0xCC,0x00,0x00,0x00,0x54,0xAC,0x00,0x00,0x10,0xF0,0x54,0xAC,
    0x00,0x00,0x10,0xF0,0x54,0xAC,0x00,0x00,0x10,0xF0,0x54,0xAC,0x00,0x00,0x10,0xF0,
    0x54,0xAC,0x00,0x00,0x10,0xF0,0x46,0xB9,0x00,0x00,0x1E,0xE1,0x18,0xED,0x25,0x00,
    0x7F,0xA7,0x00,0x5C,0xDC,0xE1,0xB8,0x1B,0xAB,0x61,0x00,0x00,0x00,0xCB,0x41,0x57,
    0xAE,0x00,0x00,0x19,0xE8,0x03,0x0B,0xEA,0x07,0x00,0x65,0x99,0x00,0x00,0xAF,0x48,
    0x00,0xB2,0x45,0x00,0x00,0x5B,0x94,0x09,0xE3,0x04,0x00,0x00,0x0E,0xD8,0x4B,0x9D,
    0x00,0x00,0x00,0x00,0xB3,0xB1,0x49,0x00,0x00,0x00,0x00,0x5E,0xEE,0x05,0x00,0x00,
    0xE5,0x02,0x00,0x00,0x00,0x62,0x87,0xC9,0x1E,0x00,0x00,0x00,0x7C,0x67,0xA6,0x3F,
    0x49,0xE6,0x00,0x97,0x47,0x84,0x60,0x89,0xC0,0x28,0xB2,0x27,0x61,0x7C,0xBE,0x5B,
    0x69,0xCC,0x08,0x3F,0x9F,0xB7,0x16,0xA7,0xCF,0x00,0x1C,0xE3,0x7D,0x00,0xB8,0xC4,
    0x00,0x01,0xF7,0x3F,0x00,0x91,0xA7,0x00,0x40,0xCB,0x01,0x00,0x35,0xCD,0x03,0x00,
    0xA8,0x62,0x01,0xC6,0x39,0x00,0x00,0x1B,0xDD,0x6E,0x9D,0x00,0x00,0x00,0x00,0x7D,
    0xF5,0x14,0x00,0x00,0x00,0x00,0xAE,0xE0,0x43,0x00,0x00,0x00,0x43,0xB6,0x35,0xD3,
    0x04,0x00,0x04,0xD0,0x29,0x00,0xA7,0x6F,0x00,0x6D,0x94,0x00,0x00,0x21,0xE8,0x15,
    0x91,0x81,0x00,0x00,0x06,0xE0,0x28,0x16,0xE3,0x0E,0x00,0x69,0x9F,0x00,0x00,0x84,
    0x79,0x05,0xDA,0x1F,0x00,0x00,0x0F,0xD8,0x6E,0x94,0x00,0x00,0x00,0x00,0x77,0xF2,
    0x18,0x00,0x00,0x00,0x00,0x34,0xCC,0x00,0x00,0x00,0x00,0x00,0x34,0xCC,0x00,0x00,
    0x00,0x00,0x00,0x34,0xCC,0x00,0x00,0x00,0x4D,0xE0,0xE0,0xE0,0xE7,0xEB,0x00,0x00,
    0x00,0x00,0x00,0x9C,0x71,0x00,0x00,0x00,0x00,0x47,0xC3,0x02,0x00,0x00,0x00,0x0F,
    0xD9,0x24,0x00,0x00,0x00,0x00,0x9F,0x6E,0x00,0x00,0x00,0x00,0x4A,0xC1,0x01,0x00,
    0x00,0x00,0x10,0xD9,0x22,0x00,0x00,0x00,0x00,0x6F,0xF6,0xE0,0xE0,0xE0,0xE0,0x07,
    0xC8,0xD9,0xD0,0x09,0xC8,0x30,0x00,0x00,0xC8,0x30,0x00,0x00,0xC8,0x30,0x00,0x00,
    0xC8,0x30,0x00,0x00,0xC8,0x30,0x00,0x00,0xC8,0x30,0x00,0x00,0xC8,0x30,0x00,0x00,
    0xC8,0x30,0x00,0x00,0xC8,0xD9,0xD0,0x09,0xA7,0x4D,0x00,0x00,0x00,0x3B,0xB8,0x00,
    0x00,0x00,0x00,0xCD,0x25,0x00,0x00,0x00,0x64,0x8F,0x00,0x00,0x00,0x0A,0xDE,0x0B,
    0x00,0x00,0x00,0x8D,0x66,0x00,0x00,0x00,0x23,0xD0,0x00,0x00,0x00,0x00,0xB6,0x3E,
    0x5E,0xD0,0xEC,0x64,0x00,0x00,0x98,0x64,0x00,0x00,0x98,0x64,0x00,0x00,0x98,0x64,
    0x00,0x00,0x98,0x64,0x00,0x00,0x98,0x64,0x00,0x00,0x98,0x64,0x00,0x00,0x98,0x64,
    0x00,0x00,0x98,0x64,0x5E,0xD0,0xEC,0x64,0x00,0x00,0x5B,0xAD,0x00,0x00,0x00,0x00,
    0xB9,0xA1,0x32,0x00,0x00,0x44,0x85,0x20,0xAF,0x00,0x00,0xB5,0x1C,0x00,0x9B,0x39,
    0x2E,0xA9,0x00,0x00,0x21,0xB8,0x00,0x00,0x12,0xC0,0xC0,0xC0,0xC0,0xC0,0xC0,0x81,
    0x7F,0xA7,0x00,0x05,0xB7,0x2D,0x00,0x00,0x00,0x7F,0xD4,0xCF,0xBE,0x14,0x00,0x18,
    0x01,0x00,0x87,0x71,0x00,0x61,0xBD,0xB0,0xD2,0x84,0x26,0xE2,0x0D,0x00,0x7D,0x84,
    0x36,0xD2,0x00,0x08,0xCA,0x84,0x01,0xA5,0xCC,0xBD,0x86,0x84,0x28,0xD4,0x00,0x00,
    0x00,0x00,0x28,0xD3,0x00,0x00,0x00,0x00,0x28,0xD7,0xA2,0xCF,0xB9,0x14,0x28,0xFD,
    0x29,0x00,0x83,0x92,0x28,0xDE,0x00,0x00,0x34,0xCC,0x28,0xDF,0x00,0x00,0x35,0xCB,
    0x28,0xFE,0x2D,0x00,0x83,0x91,0x28,0xB9,0xA1,0xCF,0xBA,0x14,0x00,0x1B,0xAF,0xD2,
    0xD8,0x74,0x00,0xB9,0x6D,0x00,0x00,0x0A,0x04,0xF7,0x04,0x00,0x00,0x00,0x05,0xF7,
    0x03,0x00,0x00,0x00,0x00,0xBE,0x67,0x00,0x00,0x0D,0x00,0x1F,0xB4,0xD1,0xD3,0x74,
    0x00,0x00,0x00,0x00,0x38,0xC0,0x00,0x00,0x00,0x00,0x38,0xC0,0x00,0x50,0xD7,0xC6,
    0x91,0xC0,0x0B,0xE9,0x22,0x00,0x91,0xC0,0x34,0xCC,0x00,0x00,0x45,0xC0,0x35,0xCB,
    0x00,0x00,0x40,0xC0,0x0C,0xEA,0x20,0x00,0x86,0xC0,0x00,0x53,0xD8,0xC3,0x78,0xC0,
    0x00,0x38,0xC1,0xCD,0xBD,0x23,0x08,0xCD,0x10,0x00,0x55,0xB6,0x34,0xF3,0xD0,0xD0,
    0xD0,0xB7,0x35,0xD3,0x00,0x00,0x00,0x00,0x09,0xE3,0x3E,0x00,0x01,0x17,0x00,0x34,
    0xC3,0xD0,0xD2,0x62,0x00,0x00,0x1F,0xCC,0xCF,0xB5,0x00,0x00,0x70,0x95,0x00,0x00,
    0x19,0xB2,0xDE,0xE2,0xC4,0x77,0x00,0x00,0x74,0x84,0x00,0x00,0x00,0x00,0x74,0x84,
    0x00,0x00,0x00,0x00,0x74,0x84,0x00,0x00,0x00,0x00,0x74,0x84,0x00,0x00,0x00,0x00,
    0x74,0x84,0x00,0x00,0x00,0x4F,0xC2,0xC6,0xFF,0xB2,0x07,0x00,0xE1,0x16,0x00,0xB9,
    0x41,0x00,0x00,0xE8,0x10,0x00,0xB4,0x42,0x00,0x00,0x62,0xD8,0xB2,0x9B,0x01,0x00,
    0x00,0x8C,0x5F,0x00,0x00,0x00,0x00,0x00,0x92,0xDB,0xD0,0xDA,0x6B,0x00,0x51,0x9E,
    0x00,0x00,0x0A,0xE6,0x00,0x60,0x97,0x00,0x00,0x3A,0xCE,0x00,0x09,0xAB,0xC6,0xC4,
    0xBD,0x2E,0x00,0x00,0x24,0xD8,0x00,0x00,0x00,0x00,0x24,0xD8,0x00,0x00,0x00,0x00,
    0x24,0xDA,0x9F,0xCD,0xD0,0x2C,0x24,0xFF,0x3C,0x00,0x6A,0xA1,0x24,0xE4,0x00,0x00,
    0x3C,0xBB,0x24,0xD8,0x00,0x00,0x3C,0xBC,0x24,0xD8,0x00,0x00,0x3C,0xBC,0x24,0xD8,
    0x00,0x00,0x3C,0xBC,0x00,0x13,0xC6,0x00,0x00,0x00,0x00,0x00,0x00,0x00,0x5C,0xC1,
    0xE4,0x00,0x00,0x00,0x18,0xE4,0x00,0x00,0x00,0x18,0xE4,0x00,0x00,0x00,0x18,0xE4,
    0x00,0x00,0x00,0x18,0xE4,0x00,0x00,0xA4,0xC3,0xF9,0xBA,0x87,0x00,0x00,0x00,0x70,
    0x6A,0x00,0x00,0x00,0x00,0x00,0x00,0x6E,0xB6,0xD9,0x98,0x00,0x00,0x00,0x64,0x98,
    0x00,0x00,0x00,0x64,0x98,0x00,0x00,0x00,0x64,0x98,0x00,0x00,0x00,0x64,0x98,0x00,
    0x00,0x00,0x64,0x98,0x00,0x00,0x00,0x64,0x97,0x00,0x00,0x00,0x91,0x79,0x3B,0xD2,
    0xD1,0xB5,0x10,0x00,0xD8,0x20,0x00,0x00,0x00,0x00,0xD8,0x20,0x00,0x00,0x00,0x00,
    0xD8,0x20,0x00,0x95,0x94,0x01,0xD8,0x1E,0x91,0x90,0x00,0x00,0xD8,0x94,0xB0,0x00,
    0x00,0x00,0xD8,0x85,0xD9,0x35,0x00,0x00,0xD8,0x20,0x30,0xDA,0x1A,0x00,0xD8,0x20,
    0x00,0x51,0xCA,0x09,0x64,0xC5,0xD8,0x00,0x00,0x00,0x24,0xD8,0x00,0x00,0x00,0x24,
    0xD8,0x00,0x00,0x00,0x24,0xD8,0x00,0x00,0x00,0x24,0xD8,0x00,0x00,0x00,0x24,0xD8,
    0x00,0x00,0x00,0x24,0xD8,0x00,0x00,0xAC,0xC6,0xF6,0xB9,0x7F,0x80,0x94,0xD5,0x68,
    0xC3,0xB2,0x00,0x80,0x82,0x38,0xE2,0x03,0xD2,0x11,0x80,0x60,0x20,0xBF,0x00,0xC0,
    0x1F,0x80,0x5C,0x20,0xBC,0x00,0xC0,0x20,0x80,0x5C,0x20,0xBC,0x00,0xC0,0x20,0x80,
    0x5C,0x20,0xBC,0x00,0xC0,0x20,0x00,0x00,0x24,0xC4,0x9F,0xCD,0xD0,0x2C,0x24,0xFF,
    0x3C,0x00,0x6A,0xA1,0x24,0xE4,0x00,0x00,0x3C,0xBB,0x24,0xD8,0x00,0x00,0x3C,0xBC,
    0x24,0xD8,0x00,0x00,0x3C,0xBC,0x24,0xD8,0x00,0x00,0x3C,0xBC,0x00,0x49,0xCC,0xD0,
    0xA8,0x10,0x16,0xE1,0x18,0x00,0x70,0x9B,0x4E,0xAD,0x00,0x00,0x15,0xE4,0x4C,0xAD,
    0x00,0x00,0x16,0xE4,0x13,0xDE,0x19,0x00,0x70,0x9F,0x00,0x44,0xCB,0xCF,0xAD,0x14,
    0x28,0xC1,0xA0,0xCF,0xB9,0x14,0x28,0xFC,0x27,0x00,0x83,0x92,0x28,0xDC,0x00,0x00,
    0x34,0xCC,0x28,0xDF,0x00,0x00,0x35,0xCB,0x28,0xFE,0x2D,0x00,0x83,0x91,0x28,0xD6,
    0xA1,0xCF,0xBA,0x14,0x28,0xD3,0x00,0x00,0x00,0x00,0x28,0xD4,0x00,0x00,0x00,0x00,
    0x28,0xD4,0x00,0x00,0x00,0x00,0x00,0x00,0x00,0x50,0xD7,0xC5,0x7B,0xC0,0x0B,0xE9,
    0x22,0x00,0x91,0xC0,0x34,0xCC,0x00,0x00,0x45,0xC0,0x35,0xCB,0x00,0x00,0x40,0xC0,
    0x0C,0xEA,0x20,0x00,0x86,0xC0,0x00,0x53,0xD8,0xC3,0x8B,0xC0,0x00,0x00,0x00,0x00,
    0x37,0xC0,0x00,0x00,0x00,0x00,0x38,0xC0,0x00,0x00,0x00,0x00,0x38,0xC0,0x00,0x00,
    0x94,0x64,0xBD,0xD1,0x7A,0x94,0xBE,0x0A,0x00,0x05,0x94,0x6E,0x00,0x00,0x00,0x94,
    0x64,0x00,0x00,0x00,0x94,0x64,0x00,0x00,0x00,0x94,0x64,0x00,0x00,0x00,0x00,0x00,
    0x4F,0xCD,0xD0,0xD5,0x34,0xC7,0x33,0x00,0x0A,0x05,0x5D,0xDA,0x7F,0x19,0x00,0x00,
    0x12,0x72,0xDF,0x39,0x1A,0x00,0x00,0x8A,0x73,0xB3,0xD5,0xCF,0xB6,0x14,0x00,0x00,
    0x00,0x00,0x47,0x17,0x00,0x00,0x00,0x00,0xB2,0x28,0x00,0x00,0x24,0xAE,0xF4,0xCD,
    0xC4,0x65,0x00,0x00,0xD0,0x28,0x00,0x00,0x00,0x00,0xD0,0x28,0x00,0x00,0x00,0x00,
    0xD0,0x28,0x00,0x00,0x00,0x00,0xC2,0x3E,0x00,0x00,0x00,0x00,0x4D,0xD9,0xC8,0x5D,
    0x24,0xD8,0x00,0x00,0x3C,0xBC,0x24,0xD8,0x00,0x00,0x3C,0xBC,0x24,0xD8,0x00,0x00,
    0x3C,0xBC,0x23,0xD8,0x00,0x00,0x48,0xBC,0x0D,0xF0,0x11,0x00,0x98,0xBC,0x00,0x76,
    0xDD,0xC6,0x78,0xBC,0x61,0xA2,0x00,0x00,0x11,0xE8,0x08,0x0C,0xE8,0x0B,0x00,0x67,
    0x98,0x00,0x00,0xA2,0x5C,0x00,0xC3,0x39,0x00,0x00,0x43,0xB9,0x1F,0xD8,0x00,0x00,
    0x00,0x01,0xDD,0x85,0x7A,0x00,0x00,0x00,0x00,0x84,0xF3,0x1D,0x00,0x00,0x00,0x00,
    0x00,0xD8,0x00,0x52,0xED,0x01,0x50,0x85,0x00,0xB8,0x1C,0x8C,0xBF,0x27,0x7F,0x52,
    0x00,0x86,0x4A,0xBB,0x66,0x5F,0xAE,0x1F,0x00,0x53,0x77,0xB8,0x2E,0x93,0xC7,0x00,
    0x00,0x20,0xC4,0x87,0x03,0xBC,0xB5,0x00,0x00,0x00,0xEB,0x4D,0x00,0xBE,0x85,0x00,
    0x19,0xDD,0x22,0x00,0x7E,0x9A,0x00,0x00,0x4C,0xC4,0x38,0xD1,0x0A,0x00,0x00,0x00,
    0x93,0xEF,0x2E,0x00,0x00,0x00,0x00,0xAE,0xE4,0x43,0x00,0x00,0x00,0x67,0xAE,0x23,
    0xD9,0x14,0x00,0x29,0xDC,0x13,0x00,0x62,0xB2,0x00,0x00,0x00,0x5C,0xA3,0x00,0x00,
    0x10,0xE9,0x08,0x07,0xE1,0x0E,0x00,0x63,0x9B,0x00,0x00,0x8B,0x65,0x00,0xBC,0x3E,
    0x00,0x00,0x23,0xC4,0x18,0xDC,0x01,0x00,0x00,0x00,0xB8,0x88,0x83,0x00,0x00,0x00,
    0x00,0x50,0xF5,0x27,0x00,0x00,0x00,0x00,0x45,0xC9,0x00,0x00,0x00,0x00,0x00,0xAC,
    0x61,0x00,0x00,0x00,0x5E,0xD5,0xA5,0x02,0x00,0x00,0x00,0x00,0x00,0xA5,0xC4,0xC4,
    0xE6,0x80,0x00,0x00,0x00,0x20,0xD1,0x16,0x00,0x00,0x08,0xC6,0x36,0x00,0x00,0x00,
    0x9D,0x65,0x00,0x00,0x00,0x65,0x9C,0x00,0x00,0x00,0x02,0xF8,0xCB,0xC4,0xC4,0x77,
    0x00,0x00,0x72,0xD2,0x4D,0x00,0x00,0xF2,0x0E,0x00,0x00,0x00,0xF8,0x00,0x00,0x05,
    0x44,0xE6,0x00,0x00,0xAE,0xF1,0x4F,0x00,0x00,0x00,0x2D,0xE3,0x00,0x00,0x00,0x00,
    0xF7,0x00,0x00,0x00,0x00,0xF8,0x00,0x00,0x00,0x00,0xE6,0x19,0x00,0x00,0x00,0x56,
    0xD1,0x4D,0x00,0x00,0x1C,0xB4,0x1C,0xB4,0x1C,0xB4,0x1C,0xB4,0x1C,0xB4,0x1C,0xB4,
    0x1C,0xB4,0x1C,0xB4,0x1C,0xB4,0x1C,0xB4,0x1C,0xB4,0x00,0x00,0xA0,0xC8,0x2C,0x00,
    0x00,0x00,0x77,0x8E,0x00,0x00,0x00,0x68,0x94,0x00,0x00,0x00,0x4F,0xC7,0x1A,0x01,
    0x00,0x01,0xAB,0xEE,0x53,0x00,0x4C,0xC2,0x05,0x00,0x00,0x67,0x94,0x00,0x00,0x00,
    0x68,0x94,0x00,0x00,0x00,0x82,0x82,0x00,0x00,0xA1,0xBD,0x19,0x00,0x00,0x00,0x00,
    0x00,0x00,0x00,0x00,0x00,0x00,0x0D,0xB6,0xD4,0x5B,0x00,0x57,0x29,0x2D,0x11,0x9E,
    0xD3,0x72,0x00,0x00,0x00,0x00,0x00,0x00,
};

leRasterFont Category_font =
{
    {
        {
            LE_STREAM_LOCATION_ID_INTERNAL, // data location id
            (void*)Category_font_glyphs, // glyph table variable pointer
            4008, // data size
        },
        LE_RASTER_FONT,
        0,
    },
    13,
    9,
    LE_FONT_BPP_8, // bits per pixel
    Category_font_data, // kerning table
};

